date,scope,ndmi,cloudy_pixel_percentage,source,processing_time_utc
2026-07-11,carbon_project_zone,0.2721331113537768,25.991878,COPERNICUS/S2_SR_HARMONIZED,2026-10-06T10:29:36.124952+00:00
2026-07-11,carbon_project_zone,0.2777630766664874,35.618308,COPERNICUS/S2_SR_HARMONIZED,2026-10-06T10:29:39.045176+00:00
2026-07-11,project_area,0.3404414308346868,35.618308,COPERNICUS/S2_SR_HARMONIZED,2026-10-06T10:29:40.372431+00:00
2026-07-16,carbon_project_zone,0.27031325752240287,29.137418,COPERNICUS/S2_SR_HARMONIZED,2026-10-06T10:29:42.861412+00:00
2026-07-16,carbon_project_zone,0.2808117212132965,38.363168,COPERNICUS/S2_SR_HARMONIZED,2026-10-06T10:29:45.868580+00:00
2026-07-16,project_area,0.3552518132012895,38.363168,COPERNICUS/S2_SR_HARMONIZED,2026-10-06T10:29:47.100946+00:00
2026-07-21,carbon_project_zone,0.19470613663940242,22.801648,COPERNICUS/S2_SR_HARMONIZED,2026-10-06T10:29:47.974029+00:00
2026-07-21,carbon_project_zone,0.2572881019574183,24.604158,COPERNICUS/S2_SR_HARMONIZED,2026-10-06T10:29:50.436988+00:00
2026-07-21,project_area,0.3447878381473905,24.604158,COPERNICUS/S2_SR_HARMONIZED,2026-10-06T10:29:52.034527+00:00
2026-07-26,carbon_project_zone,0.23159701899474108,31.251323,COPERNICUS/S2_SR_HARMONIZED,2026-10-06T10:29:52.843823+00:00
2026-07-31,carbon_project_zone,0.1909173994327328,15.613535,COPERNICUS/S2_SR_HARMONIZED,2026-10-06T10:29:54.215219+00:00
2026-07-31,carbon_project_zone,0.2332688848910836,37.928355,COPERNICUS/S2_SR_HARMONIZED,2026-10-06T10:29:57.623066+00:00
2026-07-31,project_area,0.3048606861602716,37.928355,COPERNICUS/S2_SR_HARMONIZED,2026-10-06T10:29:59.305351+00:00
2026-08-02,carbon_project_zone,0.26504452459264594,32.507405,COPERNICUS/S2_SR_HARMONIZED,2026-10-06T10:29:59.884867+00:00
2026-08-05,carbon_project_zone,0.20572242476416214,19.256361,COPERNICUS/S2_SR_HARMONIZED,2026-10-06T10:30:01.349061+00:00
2026-08-05,carbon_project_zone,0.2355030607576428,19.732337,COPERNICUS/S2_SR_HARMONIZED,2026-10-06T10:30:03.412147+00:00
2026-08-05,project_area,0.30904003285313747,19.732337,COPERNICUS/S2_SR_HARMONIZED,2026-10-06T10:30:04.943751+00:00
2026-08-10,carbon_project_zone,0.21494771955412756,25.169548,COPERNICUS/S2_SR_HARMONIZED,2026-10-06T10:30:06.012381+00:00
2026-08-10,carbon_project_zone,0.2403154471178417,35.132784,COPERNICUS/S2_SR_HARMONIZED,2026-10-06T10:30:08.029954+00:00
2026-08-10,project_area,0.3309451114997609,35.132784,COPERNICUS/S2_SR_HARMONIZED,2026-10-06T10:30:09.422085+00:00
2026-08-20,carbon_project_zone,0.19507375731499504,1.455813,COPERNICUS/S2_SR_HARMONIZED,2026-10-06T10:30:10.277516+00:00
2026-08-20,carbon_project_zone,0.20252942499436555,21.182777,COPERNICUS/S2_SR_HARMONIZED,2026-10-06T10:30:12.506117+00:00
2026-08-20,project_area,0.2772369400666631,21.182777,COPERNICUS/S2_SR_HARMONIZED,2026-10-06T10:30:15.375702+00:00
2026-08-25,carbon_project_zone,0.23529538491464075,22.752297,COPERNICUS/S2_SR_HARMONIZED,2026-10-06T10:30:16.275988+00:00
2026-08-25,carbon_project_zone,0.1997985923729968,24.351475,COPERNICUS/S2_SR_HARMONIZED,2026-10-06T10:30:19.170121+00:00
2026-08-25,project_area,0.2741110959077403,24.351475,COPERNICUS/S2_SR_HARMONIZED,2026-10-06T10:30:22.085065+00:00
2026-08-30,carbon_project_zone,0.16986629751903332,13.11852,COPERNICUS/S2_SR_HARMONIZED,2026-10-06T10:30:23.026706+00:00
2026-08-30,carbon_project_zone,0.16920828707275573,21.767958,COPERNICUS/S2_SR_HARMONIZED,2026-10-06T10:30:24.923918+00:00
2026-08-30,project_area,0.2197731568032961,21.767958,COPERNICUS/S2_SR_HARMONIZED,2026-10-06T10:30:29.336213+00:00
2026-09-11,carbon_project_zone,0.22180177579829455,31.875026,COPERNICUS/S2_SR_HARMONIZED,2026-10-06T10:30:30.254703+00:00
2026-09-14,carbon_project_zone,0.1924455882977312,19.69064,COPERNICUS/S2_SR_HARMONIZED,2026-10-06T10:30:31.804775+00:00
2026-09-14,carbon_project_zone,0.15505389034475875,35.159409,COPERNICUS/S2_SR_HARMONIZED,2026-10-06T10:30:33.980121+00:00
2026-09-14,project_area,0.19794013676642444,35.159409,COPERNICUS/S2_SR_HARMONIZED,2026-10-06T10:30:35.304194+00:00
2026-09-19,carbon_project_zone,0.12971464080266096,35.654187,COPERNICUS/S2_SR_HARMONIZED,2026-10-06T10:30:36.062996+00:00
2026-09-19,carbon_project_zone,0.10151040045478468,30.122414,COPERNICUS/S2_SR_HARMONIZED,2026-10-06T10:30:40.373198+00:00
2026-09-19,project_area,0.13494603540537467,30.122414,COPERNICUS/S2_SR_HARMONIZED,2026-10-06T10:30:41.920521+00:00
2026-10-04,carbon_project_zone,0.23161288520646162,33.797273,COPERNICUS/S2_SR_HARMONIZED,2026-10-06T10:30:42.772253+00:00
