date,scope,ndvi,cloudy_pixel_percentage,source,processing_time_utc
2026-07-01,carbon_project_zone,0.7695848510043186,34.92687,COPERNICUS/S2_SR_HARMONIZED,2026-09-27T09:28:06.091795+00:00
2026-07-01,project_area,0.8138956299729778,34.92687,COPERNICUS/S2_SR_HARMONIZED,2026-09-27T09:28:07.728807+00:00
2026-07-06,carbon_project_zone,0.6147074081498183,9.285808,COPERNICUS/S2_SR_HARMONIZED,2026-09-27T09:28:08.517598+00:00
2026-07-11,carbon_project_zone,0.692803653482807,25.991878,COPERNICUS/S2_SR_HARMONIZED,2026-09-27T09:28:11.053381+00:00
2026-07-11,carbon_project_zone,0.7445036880217836,35.618308,COPERNICUS/S2_SR_HARMONIZED,2026-09-27T09:28:13.188381+00:00
2026-07-11,project_area,0.7915470310525674,35.618308,COPERNICUS/S2_SR_HARMONIZED,2026-09-27T09:28:21.644436+00:00
2026-07-16,carbon_project_zone,0.6315563014421894,29.137418,COPERNICUS/S2_SR_HARMONIZED,2026-09-27T09:28:24.576891+00:00
2026-07-16,carbon_project_zone,0.7297920923303638,38.363168,COPERNICUS/S2_SR_HARMONIZED,2026-09-27T09:28:27.495797+00:00
2026-07-16,project_area,0.7817606200750126,38.363168,COPERNICUS/S2_SR_HARMONIZED,2026-09-27T09:28:29.598330+00:00
2026-07-21,carbon_project_zone,0.637748623181244,22.801648,COPERNICUS/S2_SR_HARMONIZED,2026-09-27T09:28:32.766730+00:00
2026-07-21,carbon_project_zone,0.734206665094481,24.604158,COPERNICUS/S2_SR_HARMONIZED,2026-09-27T09:28:35.542403+00:00
2026-07-21,project_area,0.7917544794675523,24.604158,COPERNICUS/S2_SR_HARMONIZED,2026-09-27T09:28:38.004231+00:00
2026-07-26,carbon_project_zone,0.617291833968282,31.251323,COPERNICUS/S2_SR_HARMONIZED,2026-09-27T09:28:38.864996+00:00
2026-07-31,carbon_project_zone,0.622320727640633,15.613535,COPERNICUS/S2_SR_HARMONIZED,2026-09-27T09:28:42.789065+00:00
2026-07-31,carbon_project_zone,0.7030724001938232,37.928355,COPERNICUS/S2_SR_HARMONIZED,2026-09-27T09:28:45.313566+00:00
2026-07-31,project_area,0.754833716087976,37.928355,COPERNICUS/S2_SR_HARMONIZED,2026-09-27T09:28:53.419433+00:00
2026-08-02,carbon_project_zone,0.6370154122983925,32.507405,COPERNICUS/S2_SR_HARMONIZED,2026-09-27T09:28:54.683897+00:00
2026-08-05,carbon_project_zone,0.6500510421917505,19.256361,COPERNICUS/S2_SR_HARMONIZED,2026-09-27T09:28:56.772921+00:00
2026-08-05,carbon_project_zone,0.7171825323878286,19.732337,COPERNICUS/S2_SR_HARMONIZED,2026-09-27T09:28:58.800135+00:00
2026-08-05,project_area,0.7723377500196652,19.732337,COPERNICUS/S2_SR_HARMONIZED,2026-09-27T09:29:00.757920+00:00
2026-08-10,carbon_project_zone,0.6463514210488543,25.169548,COPERNICUS/S2_SR_HARMONIZED,2026-09-27T09:29:02.283663+00:00
2026-08-10,carbon_project_zone,0.7027147408210442,35.132784,COPERNICUS/S2_SR_HARMONIZED,2026-09-27T09:29:06.375028+00:00
2026-08-10,project_area,0.7620440986042073,35.132784,COPERNICUS/S2_SR_HARMONIZED,2026-09-27T09:29:08.735165+00:00
2026-08-20,carbon_project_zone,0.6410143767455444,1.455813,COPERNICUS/S2_SR_HARMONIZED,2026-09-27T09:29:14.380525+00:00
2026-08-20,carbon_project_zone,0.6889134727189676,21.182777,COPERNICUS/S2_SR_HARMONIZED,2026-09-27T09:29:16.535816+00:00
2026-08-20,project_area,0.7434254337023838,21.182777,COPERNICUS/S2_SR_HARMONIZED,2026-09-27T09:29:19.506377+00:00
2026-08-25,carbon_project_zone,0.6119826563270941,22.752297,COPERNICUS/S2_SR_HARMONIZED,2026-09-27T09:29:20.511852+00:00
2026-08-25,carbon_project_zone,0.6790433620961918,24.351475,COPERNICUS/S2_SR_HARMONIZED,2026-09-27T09:29:24.471234+00:00
2026-08-25,project_area,0.7292410405612629,24.351475,COPERNICUS/S2_SR_HARMONIZED,2026-09-27T09:29:26.329736+00:00
2026-08-30,carbon_project_zone,0.581433799541123,13.11852,COPERNICUS/S2_SR_HARMONIZED,2026-09-27T09:29:27.121132+00:00
2026-08-30,carbon_project_zone,0.6293488299901046,21.767958,COPERNICUS/S2_SR_HARMONIZED,2026-09-27T09:29:30.506196+00:00
2026-08-30,project_area,0.6722197793350012,21.767958,COPERNICUS/S2_SR_HARMONIZED,2026-09-27T09:29:32.215802+00:00
2026-09-11,carbon_project_zone,0.44691230593878356,31.875026,COPERNICUS/S2_SR_HARMONIZED,2026-09-27T09:29:33.335930+00:00
2026-09-14,carbon_project_zone,0.5547069012673924,19.69064,COPERNICUS/S2_SR_HARMONIZED,2026-09-27T09:29:35.391260+00:00
2026-09-14,carbon_project_zone,0.5871931976746095,35.159409,COPERNICUS/S2_SR_HARMONIZED,2026-09-27T09:29:38.370056+00:00
2026-09-14,project_area,0.6190200710452639,35.159409,COPERNICUS/S2_SR_HARMONIZED,2026-09-27T09:29:41.106747+00:00
2026-09-19,carbon_project_zone,0.6393773726005203,35.654187,COPERNICUS/S2_SR_HARMONIZED,2026-09-27T09:29:42.124835+00:00
2026-09-19,carbon_project_zone,0.5459421876899812,30.122414,COPERNICUS/S2_SR_HARMONIZED,2026-09-27T09:29:46.009663+00:00
2026-09-19,project_area,0.5610792981449807,30.122414,COPERNICUS/S2_SR_HARMONIZED,2026-09-27T09:29:48.401305+00:00
