location,adm4,latitude,longitude,datetime,local_datetime,temperature_c,humidity_pct,precipitation_mm,weather,weather_desc,weather_desc_en,wind_direction_deg,wind_direction,wind_direction_to,wind_speed_ms,cloud_cover_pct,visibility,time_index,analysis_date
Halimaung Jaya,62.07.06.2002,-3.2240540377,112.5841829362,2026-09-30T10:00:00Z,2026-09-30 17:00:00,27.0,96.0,2.1,61,Hujan Ringan,Light Rain,157.0,SE,NW,5.7,46.0,,9-10,2026-09-30T00:00:00
Halimaung Jaya,62.07.06.2002,-3.2240540377,112.5841829362,2026-09-30T13:00:00Z,2026-09-30 20:00:00,25.0,99.0,1.8,61,Hujan Ringan,Light Rain,131.0,E,W,6.0,100.0,,12-13,2026-09-30T00:00:00
Halimaung Jaya,62.07.06.2002,-3.2240540377,112.5841829362,2026-09-30T16:00:00Z,2026-09-30 23:00:00,24.0,97.0,0.1,10,Udara Kabur,Mist/Haze,31.0,N,S,5.0,72.0,,15-16,2026-09-30T00:00:00
Halimaung Jaya,62.07.06.2002,-3.2240540377,112.5841829362,2026-09-30T19:00:00Z,2026-10-01 02:00:00,23.0,98.0,0.0,10,Udara Kabur,Mist/Haze,44.0,N,S,3.1,56.0,,18-19,2026-09-30T00:00:00
Halimaung Jaya,62.07.06.2002,-3.2240540377,112.5841829362,2026-09-30T22:00:00Z,2026-10-01 05:00:00,23.0,96.0,0.0,10,Udara Kabur,Mist/Haze,50.0,NE,SW,4.1,30.0,,21-22,2026-09-30T00:00:00
Halimaung Jaya,62.07.06.2002,-3.2240540377,112.5841829362,2026-10-01T01:00:00Z,2026-10-01 08:00:00,28.0,71.0,0.2,10,Udara Kabur,Mist/Haze,138.0,SE,NW,12.9,91.0,,24-25,2026-09-30T00:00:00
Halimaung Jaya,62.07.06.2002,-3.2240540377,112.5841829362,2026-10-01T04:00:00Z,2026-10-01 11:00:00,32.0,53.0,0.0,10,Udara Kabur,Mist/Haze,140.0,SE,NW,14.3,59.0,,27-28,2026-09-30T00:00:00
Halimaung Jaya,62.07.06.2002,-3.2240540377,112.5841829362,2026-10-01T07:00:00Z,2026-10-01 14:00:00,31.0,58.0,0.0,10,Udara Kabur,Mist/Haze,142.0,SE,NW,14.7,59.0,,30-31,2026-09-30T00:00:00
Halimaung Jaya,62.07.06.2002,-3.2240540377,112.5841829362,2026-10-01T10:00:00Z,2026-10-01 17:00:00,28.0,76.0,0.0,10,Udara Kabur,Mist/Haze,131.0,E,W,7.7,88.0,,33-34,2026-09-30T00:00:00
Halimaung Jaya,62.07.06.2002,-3.2240540377,112.5841829362,2026-10-01T13:00:00Z,2026-10-01 20:00:00,26.0,84.0,0.0,10,Udara Kabur,Mist/Haze,130.0,E,W,8.4,48.0,,36-37,2026-09-30T00:00:00
Halimaung Jaya,62.07.06.2002,-3.2240540377,112.5841829362,2026-10-01T16:00:00Z,2026-10-01 23:00:00,24.0,89.0,0.0,10,Udara Kabur,Mist/Haze,138.0,SE,NW,6.2,89.0,,39-40,2026-09-30T00:00:00
Halimaung Jaya,62.07.06.2002,-3.2240540377,112.5841829362,2026-10-01T19:00:00Z,2026-10-02 02:00:00,24.0,92.0,0.0,10,Udara Kabur,Mist/Haze,127.0,E,W,6.4,87.0,,42-43,2026-09-30T00:00:00
Halimaung Jaya,62.07.06.2002,-3.2240540377,112.5841829362,2026-10-01T22:00:00Z,2026-10-02 05:00:00,23.0,89.0,0.0,10,Udara Kabur,Mist/Haze,130.0,E,W,8.5,87.0,,45-46,2026-09-30T00:00:00
Halimaung Jaya,62.07.06.2002,-3.2240540377,112.5841829362,2026-10-02T01:00:00Z,2026-10-02 08:00:00,28.0,63.0,0.1,10,Udara Kabur,Mist/Haze,130.0,E,W,8.5,60.0,,48-49,2026-09-30T00:00:00
Halimaung Jaya,62.07.06.2002,-3.2240540377,112.5841829362,2026-10-02T04:00:00Z,2026-10-02 11:00:00,32.0,57.0,0.1,10,Udara Kabur,Mist/Haze,143.0,SE,NW,13.7,33.0,,51-52,2026-09-30T00:00:00
Halimaung Jaya,62.07.06.2002,-3.2240540377,112.5841829362,2026-10-02T07:00:00Z,2026-10-02 14:00:00,31.0,58.0,0.0,10,Udara Kabur,Mist/Haze,143.0,SE,NW,13.7,69.0,,54-55,2026-09-30T00:00:00
Halimaung Jaya,62.07.06.2002,-3.2240540377,112.5841829362,2026-10-02T10:00:00Z,2026-10-02 17:00:00,28.0,75.0,0.0,10,Udara Kabur,Mist/Haze,150.0,SE,NW,7.8,89.0,,57-58,2026-09-30T00:00:00
Halimaung Jaya,62.07.06.2002,-3.2240540377,112.5841829362,2026-10-02T13:00:00Z,2026-10-02 20:00:00,27.0,84.0,0.0,10,Udara Kabur,Mist/Haze,150.0,SE,NW,7.8,18.0,,60-61,2026-09-30T00:00:00
Halimaung Jaya,62.07.06.2002,-3.2240540377,112.5841829362,2026-10-02T16:00:00Z,2026-10-02 23:00:00,25.0,87.0,0.0,10,Udara Kabur,Mist/Haze,147.0,SE,NW,7.1,26.0,,63-64,2026-09-30T00:00:00
Mekar Indah,62.07.06.2001,-3.2001272712,112.5160059135,2026-09-30T10:00:00Z,2026-09-30 17:00:00,27.0,96.0,2.0,61,Hujan Ringan,Light Rain,142.0,SE,NW,4.8,53.0,,9-10,2026-09-30T00:00:00
Mekar Indah,62.07.06.2001,-3.2001272712,112.5160059135,2026-09-30T13:00:00Z,2026-09-30 20:00:00,25.0,98.0,1.7,61,Hujan Ringan,Light Rain,118.0,E,W,6.6,100.0,,12-13,2026-09-30T00:00:00
Mekar Indah,62.07.06.2001,-3.2001272712,112.5160059135,2026-09-30T16:00:00Z,2026-09-30 23:00:00,23.0,98.0,0.1,10,Udara Kabur,Mist/Haze,54.0,NE,SW,5.5,79.0,,15-16,2026-09-30T00:00:00
Mekar Indah,62.07.06.2001,-3.2001272712,112.5160059135,2026-09-30T19:00:00Z,2026-10-01 02:00:00,23.0,98.0,0.0,10,Udara Kabur,Mist/Haze,79.0,NE,SW,3.8,53.0,,18-19,2026-09-30T00:00:00
Mekar Indah,62.07.06.2001,-3.2001272712,112.5160059135,2026-09-30T22:00:00Z,2026-10-01 05:00:00,23.0,97.0,0.0,10,Udara Kabur,Mist/Haze,14.0,N,S,3.7,30.0,,21-22,2026-09-30T00:00:00
Mekar Indah,62.07.06.2001,-3.2001272712,112.5160059135,2026-10-01T01:00:00Z,2026-10-01 08:00:00,28.0,74.0,0.3,10,Udara Kabur,Mist/Haze,136.0,SE,NW,12.8,100.0,,24-25,2026-09-30T00:00:00
Mekar Indah,62.07.06.2001,-3.2001272712,112.5160059135,2026-10-01T04:00:00Z,2026-10-01 11:00:00,32.0,52.0,0.0,10,Udara Kabur,Mist/Haze,133.0,E,W,14.5,59.0,,27-28,2026-09-30T00:00:00
Mekar Indah,62.07.06.2001,-3.2001272712,112.5160059135,2026-10-01T07:00:00Z,2026-10-01 14:00:00,32.0,57.0,0.0,10,Udara Kabur,Mist/Haze,140.0,SE,NW,15.2,58.0,,30-31,2026-09-30T00:00:00
Mekar Indah,62.07.06.2001,-3.2001272712,112.5160059135,2026-10-01T10:00:00Z,2026-10-01 17:00:00,29.0,76.0,0.0,10,Udara Kabur,Mist/Haze,134.0,E,W,5.3,92.0,,33-34,2026-09-30T00:00:00
Mekar Indah,62.07.06.2001,-3.2001272712,112.5160059135,2026-10-01T13:00:00Z,2026-10-01 20:00:00,26.0,85.0,0.0,10,Udara Kabur,Mist/Haze,131.0,E,W,7.1,44.0,,36-37,2026-09-30T00:00:00
Mekar Indah,62.07.06.2001,-3.2001272712,112.5160059135,2026-10-01T16:00:00Z,2026-10-01 23:00:00,24.0,90.0,0.0,10,Udara Kabur,Mist/Haze,144.0,SE,NW,5.3,89.0,,39-40,2026-09-30T00:00:00
Mekar Indah,62.07.06.2001,-3.2001272712,112.5160059135,2026-10-01T19:00:00Z,2026-10-02 02:00:00,23.0,94.0,0.0,10,Udara Kabur,Mist/Haze,130.0,E,W,5.5,86.0,,42-43,2026-09-30T00:00:00
Mekar Indah,62.07.06.2001,-3.2001272712,112.5160059135,2026-10-01T22:00:00Z,2026-10-02 05:00:00,23.0,90.0,0.0,10,Udara Kabur,Mist/Haze,131.0,E,W,7.7,87.0,,45-46,2026-09-30T00:00:00
Mekar Indah,62.07.06.2001,-3.2001272712,112.5160059135,2026-10-02T01:00:00Z,2026-10-02 08:00:00,29.0,64.0,0.1,10,Udara Kabur,Mist/Haze,131.0,E,W,7.7,57.0,,48-49,2026-09-30T00:00:00
Mekar Indah,62.07.06.2001,-3.2001272712,112.5160059135,2026-10-02T04:00:00Z,2026-10-02 11:00:00,32.0,59.0,0.1,10,Udara Kabur,Mist/Haze,132.0,E,W,12.7,51.0,,51-52,2026-09-30T00:00:00
Mekar Indah,62.07.06.2001,-3.2001272712,112.5160059135,2026-10-02T07:00:00Z,2026-10-02 14:00:00,32.0,57.0,0.0,10,Udara Kabur,Mist/Haze,132.0,E,W,12.7,79.0,,54-55,2026-09-30T00:00:00
Mekar Indah,62.07.06.2001,-3.2001272712,112.5160059135,2026-10-02T10:00:00Z,2026-10-02 17:00:00,28.0,74.0,0.0,10,Udara Kabur,Mist/Haze,148.0,SE,NW,6.9,90.0,,57-58,2026-09-30T00:00:00
Mekar Indah,62.07.06.2001,-3.2001272712,112.5160059135,2026-10-02T13:00:00Z,2026-10-02 20:00:00,26.0,85.0,0.0,10,Udara Kabur,Mist/Haze,148.0,SE,NW,6.9,16.0,,60-61,2026-09-30T00:00:00
Mekar Indah,62.07.06.2001,-3.2001272712,112.5160059135,2026-10-02T16:00:00Z,2026-10-02 23:00:00,25.0,89.0,0.0,10,Udara Kabur,Mist/Haze,155.0,SE,NW,5.8,37.0,,63-64,2026-09-30T00:00:00
Pematang Limau,62.07.01.2005,-3.0581840976,112.5194814708,2026-09-30T10:00:00Z,2026-09-30 17:00:00,28.0,97.0,1.9,61,Hujan Ringan,Light Rain,145.0,SE,NW,5.6,43.0,,9-10,2026-09-30T00:00:00
Pematang Limau,62.07.01.2005,-3.0581840976,112.5194814708,2026-09-30T13:00:00Z,2026-09-30 20:00:00,25.0,99.0,1.8,61,Hujan Ringan,Light Rain,103.0,E,W,4.4,73.0,,12-13,2026-09-30T00:00:00
Pematang Limau,62.07.01.2005,-3.0581840976,112.5194814708,2026-09-30T16:00:00Z,2026-09-30 23:00:00,24.0,98.0,0.1,10,Udara Kabur,Mist/Haze,45.0,NE,SW,6.0,88.0,,15-16,2026-09-30T00:00:00
Pematang Limau,62.07.01.2005,-3.0581840976,112.5194814708,2026-09-30T19:00:00Z,2026-10-01 02:00:00,23.0,98.0,0.0,10,Udara Kabur,Mist/Haze,88.0,NE,SW,4.8,77.0,,18-19,2026-09-30T00:00:00
Pematang Limau,62.07.01.2005,-3.0581840976,112.5194814708,2026-09-30T22:00:00Z,2026-10-01 05:00:00,23.0,99.0,0.0,10,Udara Kabur,Mist/Haze,24.0,N,S,4.9,45.0,,21-22,2026-09-30T00:00:00
Pematang Limau,62.07.01.2005,-3.0581840976,112.5194814708,2026-10-01T01:00:00Z,2026-10-01 08:00:00,28.0,79.0,0.2,10,Udara Kabur,Mist/Haze,135.0,SE,NW,10.4,82.0,,24-25,2026-09-30T00:00:00
Pematang Limau,62.07.01.2005,-3.0581840976,112.5194814708,2026-10-01T04:00:00Z,2026-10-01 11:00:00,34.0,48.0,0.0,10,Udara Kabur,Mist/Haze,144.0,SE,NW,13.8,60.0,,27-28,2026-09-30T00:00:00
Pematang Limau,62.07.01.2005,-3.0581840976,112.5194814708,2026-10-01T07:00:00Z,2026-10-01 14:00:00,32.0,52.0,0.0,10,Udara Kabur,Mist/Haze,142.0,SE,NW,14.9,49.0,,30-31,2026-09-30T00:00:00
Pematang Limau,62.07.01.2005,-3.0581840976,112.5194814708,2026-10-01T10:00:00Z,2026-10-01 17:00:00,29.0,74.0,0.0,10,Udara Kabur,Mist/Haze,133.0,E,W,7.3,83.0,,33-34,2026-09-30T00:00:00
Pematang Limau,62.07.01.2005,-3.0581840976,112.5194814708,2026-10-01T13:00:00Z,2026-10-01 20:00:00,26.0,86.0,0.0,10,Udara Kabur,Mist/Haze,132.0,E,W,8.6,38.0,,36-37,2026-09-30T00:00:00
Pematang Limau,62.07.01.2005,-3.0581840976,112.5194814708,2026-10-01T16:00:00Z,2026-10-01 23:00:00,24.0,91.0,0.0,10,Udara Kabur,Mist/Haze,141.0,SE,NW,6.2,91.0,,39-40,2026-09-30T00:00:00
Pematang Limau,62.07.01.2005,-3.0581840976,112.5194814708,2026-10-01T19:00:00Z,2026-10-02 02:00:00,23.0,94.0,0.0,10,Udara Kabur,Mist/Haze,127.0,E,W,6.6,90.0,,42-43,2026-09-30T00:00:00
Pematang Limau,62.07.01.2005,-3.0581840976,112.5194814708,2026-10-01T22:00:00Z,2026-10-02 05:00:00,23.0,92.0,0.0,10,Udara Kabur,Mist/Haze,134.0,E,W,5.6,89.0,,45-46,2026-09-30T00:00:00
Pematang Limau,62.07.01.2005,-3.0581840976,112.5194814708,2026-10-02T01:00:00Z,2026-10-02 08:00:00,29.0,61.0,0.1,10,Udara Kabur,Mist/Haze,134.0,E,W,5.6,57.0,,48-49,2026-09-30T00:00:00
Pematang Limau,62.07.01.2005,-3.0581840976,112.5194814708,2026-10-02T04:00:00Z,2026-10-02 11:00:00,32.0,54.0,0.1,10,Udara Kabur,Mist/Haze,144.0,SE,NW,12.0,59.0,,51-52,2026-09-30T00:00:00
Pematang Limau,62.07.01.2005,-3.0581840976,112.5194814708,2026-10-02T07:00:00Z,2026-10-02 14:00:00,33.0,53.0,0.0,10,Udara Kabur,Mist/Haze,144.0,SE,NW,12.0,90.0,,54-55,2026-09-30T00:00:00
Pematang Limau,62.07.01.2005,-3.0581840976,112.5194814708,2026-10-02T10:00:00Z,2026-10-02 17:00:00,28.0,73.0,0.0,10,Udara Kabur,Mist/Haze,146.0,SE,NW,9.0,91.0,,57-58,2026-09-30T00:00:00
Pematang Limau,62.07.01.2005,-3.0581840976,112.5194814708,2026-10-02T13:00:00Z,2026-10-02 20:00:00,26.0,86.0,0.0,10,Udara Kabur,Mist/Haze,146.0,SE,NW,9.0,30.0,,60-61,2026-09-30T00:00:00
Pematang Limau,62.07.01.2005,-3.0581840976,112.5194814708,2026-10-02T16:00:00Z,2026-10-02 23:00:00,24.0,91.0,0.0,10,Udara Kabur,Mist/Haze,153.0,SE,NW,6.4,38.0,,63-64,2026-09-30T00:00:00
Sungai Bakau,62.07.06.2006,-3.2418945523,112.7199723992,2026-09-30T10:00:00Z,2026-09-30 17:00:00,28.0,95.0,2.1,61,Hujan Ringan,Light Rain,151.0,SE,NW,13.0,49.0,,9-10,2026-09-30T00:00:00
Sungai Bakau,62.07.06.2006,-3.2418945523,112.7199723992,2026-09-30T13:00:00Z,2026-09-30 20:00:00,25.0,96.0,1.7,61,Hujan Ringan,Light Rain,150.0,SE,NW,14.6,100.0,,12-13,2026-09-30T00:00:00
Sungai Bakau,62.07.06.2006,-3.2418945523,112.7199723992,2026-09-30T16:00:00Z,2026-09-30 23:00:00,24.0,96.0,0.2,10,Udara Kabur,Mist/Haze,88.0,NE,SW,5.7,49.0,,15-16,2026-09-30T00:00:00
Sungai Bakau,62.07.06.2006,-3.2418945523,112.7199723992,2026-09-30T19:00:00Z,2026-10-01 02:00:00,24.0,95.0,0.1,10,Udara Kabur,Mist/Haze,114.0,E,W,10.0,67.0,,18-19,2026-09-30T00:00:00
Sungai Bakau,62.07.06.2006,-3.2418945523,112.7199723992,2026-09-30T22:00:00Z,2026-10-01 05:00:00,24.0,94.0,0.0,10,Udara Kabur,Mist/Haze,117.0,E,W,13.9,44.0,,21-22,2026-09-30T00:00:00
Sungai Bakau,62.07.06.2006,-3.2418945523,112.7199723992,2026-10-01T01:00:00Z,2026-10-01 08:00:00,29.0,68.0,0.0,10,Udara Kabur,Mist/Haze,128.0,E,W,13.9,58.0,,24-25,2026-09-30T00:00:00
Sungai Bakau,62.07.06.2006,-3.2418945523,112.7199723992,2026-10-01T04:00:00Z,2026-10-01 11:00:00,32.0,56.0,0.0,10,Udara Kabur,Mist/Haze,130.0,E,W,15.1,62.0,,27-28,2026-09-30T00:00:00
Sungai Bakau,62.07.06.2006,-3.2418945523,112.7199723992,2026-10-01T07:00:00Z,2026-10-01 14:00:00,31.0,62.0,0.0,10,Udara Kabur,Mist/Haze,141.0,SE,NW,16.3,59.0,,30-31,2026-09-30T00:00:00
Sungai Bakau,62.07.06.2006,-3.2418945523,112.7199723992,2026-10-01T10:00:00Z,2026-10-01 17:00:00,29.0,77.0,0.0,10,Udara Kabur,Mist/Haze,135.0,E,W,11.9,81.0,,33-34,2026-09-30T00:00:00
Sungai Bakau,62.07.06.2006,-3.2418945523,112.7199723992,2026-10-01T13:00:00Z,2026-10-01 20:00:00,26.0,83.0,0.0,10,Udara Kabur,Mist/Haze,129.0,E,W,11.8,50.0,,36-37,2026-09-30T00:00:00
Sungai Bakau,62.07.06.2006,-3.2418945523,112.7199723992,2026-10-01T16:00:00Z,2026-10-01 23:00:00,25.0,87.0,0.0,10,Udara Kabur,Mist/Haze,135.0,SE,NW,10.5,87.0,,39-40,2026-09-30T00:00:00
Sungai Bakau,62.07.06.2006,-3.2418945523,112.7199723992,2026-10-01T19:00:00Z,2026-10-02 02:00:00,25.0,89.0,0.0,10,Udara Kabur,Mist/Haze,126.0,E,W,11.6,86.0,,42-43,2026-09-30T00:00:00
Sungai Bakau,62.07.06.2006,-3.2418945523,112.7199723992,2026-10-01T22:00:00Z,2026-10-02 05:00:00,24.0,85.0,0.0,10,Udara Kabur,Mist/Haze,124.0,E,W,12.3,88.0,,45-46,2026-09-30T00:00:00
Sungai Bakau,62.07.06.2006,-3.2418945523,112.7199723992,2026-10-02T01:00:00Z,2026-10-02 08:00:00,28.0,65.0,0.1,10,Udara Kabur,Mist/Haze,124.0,E,W,12.3,70.0,,48-49,2026-09-30T00:00:00
Sungai Bakau,62.07.06.2006,-3.2418945523,112.7199723992,2026-10-02T04:00:00Z,2026-10-02 11:00:00,31.0,59.0,0.1,10,Udara Kabur,Mist/Haze,139.0,SE,NW,16.2,33.0,,51-52,2026-09-30T00:00:00
Sungai Bakau,62.07.06.2006,-3.2418945523,112.7199723992,2026-10-02T07:00:00Z,2026-10-02 14:00:00,30.0,65.0,0.0,10,Udara Kabur,Mist/Haze,139.0,SE,NW,16.2,31.0,,54-55,2026-09-30T00:00:00
Sungai Bakau,62.07.06.2006,-3.2418945523,112.7199723992,2026-10-02T10:00:00Z,2026-10-02 17:00:00,28.0,78.0,0.0,10,Udara Kabur,Mist/Haze,149.0,SE,NW,12.4,92.0,,57-58,2026-09-30T00:00:00
Sungai Bakau,62.07.06.2006,-3.2418945523,112.7199723992,2026-10-02T13:00:00Z,2026-10-02 20:00:00,27.0,82.0,0.0,10,Udara Kabur,Mist/Haze,149.0,SE,NW,12.4,24.0,,60-61,2026-09-30T00:00:00
Sungai Bakau,62.07.06.2006,-3.2418945523,112.7199723992,2026-10-02T16:00:00Z,2026-10-02 23:00:00,25.0,84.0,0.0,10,Udara Kabur,Mist/Haze,137.0,SE,NW,12.1,24.0,,63-64,2026-09-30T00:00:00
Tanjung Rangas,62.07.01.2007,-3.0744326244,112.3924468819,2026-09-30T10:00:00Z,2026-09-30 17:00:00,28.0,96.0,1.9,61,Hujan Ringan,Light Rain,131.0,E,W,6.0,91.0,,9-10,2026-09-30T00:00:00
Tanjung Rangas,62.07.01.2007,-3.0744326244,112.3924468819,2026-09-30T13:00:00Z,2026-09-30 20:00:00,25.0,99.0,1.8,61,Hujan Ringan,Light Rain,32.0,N,S,2.9,71.0,,12-13,2026-09-30T00:00:00
Tanjung Rangas,62.07.01.2007,-3.0744326244,112.3924468819,2026-09-30T16:00:00Z,2026-09-30 23:00:00,24.0,98.0,0.1,10,Udara Kabur,Mist/Haze,45.0,NE,SW,6.1,83.0,,15-16,2026-09-30T00:00:00
Tanjung Rangas,62.07.01.2007,-3.0744326244,112.3924468819,2026-09-30T19:00:00Z,2026-10-01 02:00:00,23.0,98.0,0.0,10,Udara Kabur,Mist/Haze,92.0,E,W,5.4,73.0,,18-19,2026-09-30T00:00:00
Tanjung Rangas,62.07.01.2007,-3.0744326244,112.3924468819,2026-09-30T22:00:00Z,2026-10-01 05:00:00,23.0,98.0,0.0,10,Udara Kabur,Mist/Haze,13.0,N,S,4.9,39.0,,21-22,2026-09-30T00:00:00
Tanjung Rangas,62.07.01.2007,-3.0744326244,112.3924468819,2026-10-01T01:00:00Z,2026-10-01 08:00:00,28.0,80.0,0.2,10,Udara Kabur,Mist/Haze,131.0,E,W,9.9,86.0,,24-25,2026-09-30T00:00:00
Tanjung Rangas,62.07.01.2007,-3.0744326244,112.3924468819,2026-10-01T04:00:00Z,2026-10-01 11:00:00,34.0,48.0,0.0,10,Udara Kabur,Mist/Haze,145.0,SE,NW,13.8,60.0,,27-28,2026-09-30T00:00:00
Tanjung Rangas,62.07.01.2007,-3.0744326244,112.3924468819,2026-10-01T07:00:00Z,2026-10-01 14:00:00,32.0,51.0,0.0,10,Udara Kabur,Mist/Haze,141.0,SE,NW,14.6,52.0,,30-31,2026-09-30T00:00:00
Tanjung Rangas,62.07.01.2007,-3.0744326244,112.3924468819,2026-10-01T10:00:00Z,2026-10-01 17:00:00,29.0,73.0,0.0,10,Udara Kabur,Mist/Haze,133.0,E,W,7.0,91.0,,33-34,2026-09-30T00:00:00
Tanjung Rangas,62.07.01.2007,-3.0744326244,112.3924468819,2026-10-01T13:00:00Z,2026-10-01 20:00:00,26.0,86.0,0.0,10,Udara Kabur,Mist/Haze,133.0,E,W,8.0,42.0,,36-37,2026-09-30T00:00:00
Tanjung Rangas,62.07.01.2007,-3.0744326244,112.3924468819,2026-10-01T16:00:00Z,2026-10-01 23:00:00,24.0,91.0,0.0,10,Udara Kabur,Mist/Haze,146.0,SE,NW,4.7,88.0,,39-40,2026-09-30T00:00:00
Tanjung Rangas,62.07.01.2007,-3.0744326244,112.3924468819,2026-10-01T19:00:00Z,2026-10-02 02:00:00,23.0,94.0,0.0,10,Udara Kabur,Mist/Haze,126.0,E,W,6.3,85.0,,42-43,2026-09-30T00:00:00
Tanjung Rangas,62.07.01.2007,-3.0744326244,112.3924468819,2026-10-01T22:00:00Z,2026-10-02 05:00:00,23.0,93.0,0.0,10,Udara Kabur,Mist/Haze,130.0,E,W,5.7,89.0,,45-46,2026-09-30T00:00:00
Tanjung Rangas,62.07.01.2007,-3.0744326244,112.3924468819,2026-10-02T01:00:00Z,2026-10-02 08:00:00,29.0,62.0,0.2,10,Udara Kabur,Mist/Haze,130.0,E,W,5.7,55.0,,48-49,2026-09-30T00:00:00
Tanjung Rangas,62.07.01.2007,-3.0744326244,112.3924468819,2026-10-02T04:00:00Z,2026-10-02 11:00:00,32.0,55.0,0.2,10,Udara Kabur,Mist/Haze,140.0,SE,NW,11.3,59.0,,51-52,2026-09-30T00:00:00
Tanjung Rangas,62.07.01.2007,-3.0744326244,112.3924468819,2026-10-02T07:00:00Z,2026-10-02 14:00:00,33.0,52.0,0.0,10,Udara Kabur,Mist/Haze,140.0,SE,NW,11.3,97.0,,54-55,2026-09-30T00:00:00
Tanjung Rangas,62.07.01.2007,-3.0744326244,112.3924468819,2026-10-02T10:00:00Z,2026-10-02 17:00:00,29.0,71.0,0.0,10,Udara Kabur,Mist/Haze,148.0,SE,NW,9.3,93.0,,57-58,2026-09-30T00:00:00
Tanjung Rangas,62.07.01.2007,-3.0744326244,112.3924468819,2026-10-02T13:00:00Z,2026-10-02 20:00:00,26.0,84.0,0.0,10,Udara Kabur,Mist/Haze,148.0,SE,NW,9.3,37.0,,60-61,2026-09-30T00:00:00
Tanjung Rangas,62.07.01.2007,-3.0744326244,112.3924468819,2026-10-02T16:00:00Z,2026-10-02 23:00:00,25.0,90.0,0.0,10,Udara Kabur,Mist/Haze,155.0,SE,NW,6.6,54.0,,63-64,2026-09-30T00:00:00
