year,month,scope,rainfall_mm,source,normal_mean_mm,anomaly_mm,anomaly_pct,period
1996,1,carbon_project_zone,289.8423,UCSB-CHG/CHIRPS/DAILY,262.9213,26.9210,10.2392,1996-2025
1996,2,carbon_project_zone,236.4501,UCSB-CHG/CHIRPS/DAILY,265.2713,-28.8212,-10.8648,1996-2025
1996,3,carbon_project_zone,374.4181,UCSB-CHG/CHIRPS/DAILY,321.3425,53.0756,16.5168,1996-2025
1996,4,carbon_project_zone,158.2223,UCSB-CHG/CHIRPS/DAILY,295.0304,-136.8081,-46.3708,1996-2025
1996,5,carbon_project_zone,81.4291,UCSB-CHG/CHIRPS/DAILY,246.7391,-165.3100,-66.9979,1996-2025
1996,6,carbon_project_zone,244.0716,UCSB-CHG/CHIRPS/DAILY,195.4185,48.6531,24.8969,1996-2025
1996,7,carbon_project_zone,75.5759,UCSB-CHG/CHIRPS/DAILY,134.0310,-58.4551,-43.6131,1996-2025
1996,8,carbon_project_zone,293.7138,UCSB-CHG/CHIRPS/DAILY,104.2049,189.5089,181.8618,1996-2025
1996,9,carbon_project_zone,128.4300,UCSB-CHG/CHIRPS/DAILY,115.3072,13.1228,11.3807,1996-2025
1996,10,carbon_project_zone,420.4939,UCSB-CHG/CHIRPS/DAILY,222.4467,198.0472,89.0313,1996-2025
1996,11,carbon_project_zone,216.1934,UCSB-CHG/CHIRPS/DAILY,266.0786,-49.8852,-18.7483,1996-2025
1996,12,carbon_project_zone,290.8536,UCSB-CHG/CHIRPS/DAILY,313.3270,-22.4734,-7.1725,1996-2025
1997,1,carbon_project_zone,211.6757,UCSB-CHG/CHIRPS/DAILY,262.9213,-51.2456,-19.4909,1996-2025
1997,2,carbon_project_zone,179.5390,UCSB-CHG/CHIRPS/DAILY,265.2713,-85.7323,-32.3187,1996-2025
1997,3,carbon_project_zone,147.6412,UCSB-CHG/CHIRPS/DAILY,321.3425,-173.7013,-54.0549,1996-2025
1997,4,carbon_project_zone,343.4130,UCSB-CHG/CHIRPS/DAILY,295.0304,48.3826,16.3992,1996-2025
1997,5,carbon_project_zone,82.2133,UCSB-CHG/CHIRPS/DAILY,246.7391,-164.5258,-66.6801,1996-2025
1997,6,carbon_project_zone,24.5724,UCSB-CHG/CHIRPS/DAILY,195.4185,-170.8461,-87.4258,1996-2025
1997,7,carbon_project_zone,66.2217,UCSB-CHG/CHIRPS/DAILY,134.0310,-67.8093,-50.5923,1996-2025
1997,8,carbon_project_zone,14.8861,UCSB-CHG/CHIRPS/DAILY,104.2049,-89.3188,-85.7146,1996-2025
1997,9,carbon_project_zone,6.2114,UCSB-CHG/CHIRPS/DAILY,115.3072,-109.0958,-94.6132,1996-2025
1997,10,carbon_project_zone,51.6301,UCSB-CHG/CHIRPS/DAILY,222.4467,-170.8166,-76.7899,1996-2025
1997,11,carbon_project_zone,209.1383,UCSB-CHG/CHIRPS/DAILY,266.0786,-56.9403,-21.3998,1996-2025
1997,12,carbon_project_zone,295.9895,UCSB-CHG/CHIRPS/DAILY,313.3270,-17.3375,-5.5334,1996-2025
1998,1,carbon_project_zone,201.0409,UCSB-CHG/CHIRPS/DAILY,262.9213,-61.8804,-23.5357,1996-2025
1998,2,carbon_project_zone,251.5300,UCSB-CHG/CHIRPS/DAILY,265.2713,-13.7413,-5.1801,1996-2025
1998,3,carbon_project_zone,304.1421,UCSB-CHG/CHIRPS/DAILY,321.3425,-17.2004,-5.3527,1996-2025
1998,4,carbon_project_zone,261.8324,UCSB-CHG/CHIRPS/DAILY,295.0304,-33.1980,-11.2524,1996-2025
1998,5,carbon_project_zone,280.1405,UCSB-CHG/CHIRPS/DAILY,246.7391,33.4014,13.5371,1996-2025
1998,6,carbon_project_zone,352.2478,UCSB-CHG/CHIRPS/DAILY,195.4185,156.8293,80.2530,1996-2025
1998,7,carbon_project_zone,297.0326,UCSB-CHG/CHIRPS/DAILY,134.0310,163.0016,121.6149,1996-2025
1998,8,carbon_project_zone,243.2670,UCSB-CHG/CHIRPS/DAILY,104.2049,139.0621,133.4506,1996-2025
1998,9,carbon_project_zone,231.3862,UCSB-CHG/CHIRPS/DAILY,115.3072,116.0790,100.6693,1996-2025
1998,10,carbon_project_zone,260.2955,UCSB-CHG/CHIRPS/DAILY,222.4467,37.8488,17.0148,1996-2025
1998,11,carbon_project_zone,280.2248,UCSB-CHG/CHIRPS/DAILY,266.0786,14.1462,5.3165,1996-2025
1998,12,carbon_project_zone,239.6165,UCSB-CHG/CHIRPS/DAILY,313.3270,-73.7105,-23.5251,1996-2025
1999,1,carbon_project_zone,331.0903,UCSB-CHG/CHIRPS/DAILY,262.9213,68.1690,25.9275,1996-2025
1999,2,carbon_project_zone,304.1475,UCSB-CHG/CHIRPS/DAILY,265.2713,38.8762,14.6553,1996-2025
1999,3,carbon_project_zone,226.7530,UCSB-CHG/CHIRPS/DAILY,321.3425,-94.5895,-29.4357,1996-2025
1999,4,carbon_project_zone,270.5851,UCSB-CHG/CHIRPS/DAILY,295.0304,-24.4453,-8.2857,1996-2025
1999,5,carbon_project_zone,295.3953,UCSB-CHG/CHIRPS/DAILY,246.7391,48.6562,19.7197,1996-2025
1999,6,carbon_project_zone,187.5355,UCSB-CHG/CHIRPS/DAILY,195.4185,-7.8830,-4.0339,1996-2025
1999,7,carbon_project_zone,188.9302,UCSB-CHG/CHIRPS/DAILY,134.0310,54.8992,40.9601,1996-2025
1999,8,carbon_project_zone,139.0406,UCSB-CHG/CHIRPS/DAILY,104.2049,34.8357,33.4300,1996-2025
1999,9,carbon_project_zone,167.1903,UCSB-CHG/CHIRPS/DAILY,115.3072,51.8831,44.9955,1996-2025
1999,10,carbon_project_zone,443.1252,UCSB-CHG/CHIRPS/DAILY,222.4467,220.6785,99.2051,1996-2025
1999,11,carbon_project_zone,259.6719,UCSB-CHG/CHIRPS/DAILY,266.0786,-6.4067,-2.4078,1996-2025
1999,12,carbon_project_zone,321.8862,UCSB-CHG/CHIRPS/DAILY,313.3270,8.5592,2.7317,1996-2025
2000,1,carbon_project_zone,310.5324,UCSB-CHG/CHIRPS/DAILY,262.9213,47.6111,18.1085,1996-2025
2000,2,carbon_project_zone,246.0302,UCSB-CHG/CHIRPS/DAILY,265.2713,-19.2411,-7.2534,1996-2025
2000,3,carbon_project_zone,351.4487,UCSB-CHG/CHIRPS/DAILY,321.3425,30.1062,9.3689,1996-2025
2000,4,carbon_project_zone,281.5721,UCSB-CHG/CHIRPS/DAILY,295.0304,-13.4583,-4.5617,1996-2025
2000,5,carbon_project_zone,236.6304,UCSB-CHG/CHIRPS/DAILY,246.7391,-10.1087,-4.0969,1996-2025
2000,6,carbon_project_zone,258.1571,UCSB-CHG/CHIRPS/DAILY,195.4185,62.7386,32.1047,1996-2025
2000,7,carbon_project_zone,122.6090,UCSB-CHG/CHIRPS/DAILY,134.0310,-11.4220,-8.5219,1996-2025
2000,8,carbon_project_zone,231.2235,UCSB-CHG/CHIRPS/DAILY,104.2049,127.0186,121.8931,1996-2025
2000,9,carbon_project_zone,196.1340,UCSB-CHG/CHIRPS/DAILY,115.3072,80.8268,70.0969,1996-2025
2000,10,carbon_project_zone,242.8050,UCSB-CHG/CHIRPS/DAILY,222.4467,20.3583,9.1520,1996-2025
2000,11,carbon_project_zone,304.3002,UCSB-CHG/CHIRPS/DAILY,266.0786,38.2216,14.3648,1996-2025
2000,12,carbon_project_zone,296.8461,UCSB-CHG/CHIRPS/DAILY,313.3270,-16.4809,-5.2600,1996-2025
2001,1,carbon_project_zone,244.1352,UCSB-CHG/CHIRPS/DAILY,262.9213,-18.7861,-7.1451,1996-2025
2001,2,carbon_project_zone,189.0958,UCSB-CHG/CHIRPS/DAILY,265.2713,-76.1755,-28.7161,1996-2025
2001,3,carbon_project_zone,336.7588,UCSB-CHG/CHIRPS/DAILY,321.3425,15.4163,4.7975,1996-2025
2001,4,carbon_project_zone,336.9805,UCSB-CHG/CHIRPS/DAILY,295.0304,41.9501,14.2189,1996-2025
2001,5,carbon_project_zone,278.6934,UCSB-CHG/CHIRPS/DAILY,246.7391,31.9543,12.9506,1996-2025
2001,6,carbon_project_zone,210.3249,UCSB-CHG/CHIRPS/DAILY,195.4185,14.9064,7.6279,1996-2025
2001,7,carbon_project_zone,132.1623,UCSB-CHG/CHIRPS/DAILY,134.0310,-1.8687,-1.3942,1996-2025
2001,8,carbon_project_zone,19.8714,UCSB-CHG/CHIRPS/DAILY,104.2049,-84.3335,-80.9305,1996-2025
2001,9,carbon_project_zone,236.6569,UCSB-CHG/CHIRPS/DAILY,115.3072,121.3497,105.2403,1996-2025
2001,10,carbon_project_zone,359.4747,UCSB-CHG/CHIRPS/DAILY,222.4467,137.0280,61.6004,1996-2025
2001,11,carbon_project_zone,240.9791,UCSB-CHG/CHIRPS/DAILY,266.0786,-25.0995,-9.4331,1996-2025
2001,12,carbon_project_zone,286.8357,UCSB-CHG/CHIRPS/DAILY,313.3270,-26.4913,-8.4548,1996-2025
2002,1,carbon_project_zone,219.6791,UCSB-CHG/CHIRPS/DAILY,262.9213,-43.2422,-16.4468,1996-2025
2002,2,carbon_project_zone,283.2041,UCSB-CHG/CHIRPS/DAILY,265.2713,17.9328,6.7602,1996-2025
2002,3,carbon_project_zone,324.0536,UCSB-CHG/CHIRPS/DAILY,321.3425,2.7111,0.8437,1996-2025
2002,4,carbon_project_zone,322.3841,UCSB-CHG/CHIRPS/DAILY,295.0304,27.3537,9.2715,1996-2025
2002,5,carbon_project_zone,150.9961,UCSB-CHG/CHIRPS/DAILY,246.7391,-95.7430,-38.8033,1996-2025
2002,6,carbon_project_zone,244.9864,UCSB-CHG/CHIRPS/DAILY,195.4185,49.5679,25.3650,1996-2025
2002,7,carbon_project_zone,19.8751,UCSB-CHG/CHIRPS/DAILY,134.0310,-114.1559,-85.1713,1996-2025
2002,8,carbon_project_zone,15.7178,UCSB-CHG/CHIRPS/DAILY,104.2049,-88.4871,-84.9164,1996-2025
2002,9,carbon_project_zone,32.1175,UCSB-CHG/CHIRPS/DAILY,115.3072,-83.1897,-72.1461,1996-2025
2002,10,carbon_project_zone,111.9531,UCSB-CHG/CHIRPS/DAILY,222.4467,-110.4936,-49.6719,1996-2025
2002,11,carbon_project_zone,242.0451,UCSB-CHG/CHIRPS/DAILY,266.0786,-24.0335,-9.0325,1996-2025
2002,12,carbon_project_zone,297.0658,UCSB-CHG/CHIRPS/DAILY,313.3270,-16.2612,-5.1898,1996-2025
2003,1,carbon_project_zone,295.3354,UCSB-CHG/CHIRPS/DAILY,262.9213,32.4141,12.3284,1996-2025
2003,2,carbon_project_zone,271.3751,UCSB-CHG/CHIRPS/DAILY,265.2713,6.1038,2.3010,1996-2025
2003,3,carbon_project_zone,224.1688,UCSB-CHG/CHIRPS/DAILY,321.3425,-97.1737,-30.2399,1996-2025
2003,4,carbon_project_zone,349.7238,UCSB-CHG/CHIRPS/DAILY,295.0304,54.6934,18.5382,1996-2025
2003,5,carbon_project_zone,118.0558,UCSB-CHG/CHIRPS/DAILY,246.7391,-128.6833,-52.1536,1996-2025
2003,6,carbon_project_zone,86.2241,UCSB-CHG/CHIRPS/DAILY,195.4185,-109.1944,-55.8772,1996-2025
2003,7,carbon_project_zone,51.8052,UCSB-CHG/CHIRPS/DAILY,134.0310,-82.2258,-61.3483,1996-2025
2003,8,carbon_project_zone,55.2715,UCSB-CHG/CHIRPS/DAILY,104.2049,-48.9334,-46.9588,1996-2025
2003,9,carbon_project_zone,81.9131,UCSB-CHG/CHIRPS/DAILY,115.3072,-33.3941,-28.9610,1996-2025
2003,10,carbon_project_zone,342.9876,UCSB-CHG/CHIRPS/DAILY,222.4467,120.5409,54.1887,1996-2025
2003,11,carbon_project_zone,291.2708,UCSB-CHG/CHIRPS/DAILY,266.0786,25.1922,9.4680,1996-2025
2003,12,carbon_project_zone,447.5838,UCSB-CHG/CHIRPS/DAILY,313.3270,134.2568,42.8488,1996-2025
2004,1,carbon_project_zone,341.0501,UCSB-CHG/CHIRPS/DAILY,262.9213,78.1288,29.7157,1996-2025
2004,2,carbon_project_zone,202.7175,UCSB-CHG/CHIRPS/DAILY,265.2713,-62.5538,-23.5811,1996-2025
2004,3,carbon_project_zone,280.8702,UCSB-CHG/CHIRPS/DAILY,321.3425,-40.4723,-12.5948,1996-2025
2004,4,carbon_project_zone,291.9680,UCSB-CHG/CHIRPS/DAILY,295.0304,-3.0624,-1.0380,1996-2025
2004,5,carbon_project_zone,234.7605,UCSB-CHG/CHIRPS/DAILY,246.7391,-11.9786,-4.8548,1996-2025
2004,6,carbon_project_zone,103.3725,UCSB-CHG/CHIRPS/DAILY,195.4185,-92.0460,-47.1020,1996-2025
2004,7,carbon_project_zone,176.9102,UCSB-CHG/CHIRPS/DAILY,134.0310,42.8792,31.9920,1996-2025
2004,8,carbon_project_zone,18.1177,UCSB-CHG/CHIRPS/DAILY,104.2049,-86.0872,-82.6134,1996-2025
2004,9,carbon_project_zone,98.5118,UCSB-CHG/CHIRPS/DAILY,115.3072,-16.7954,-14.5658,1996-2025
2004,10,carbon_project_zone,76.0183,UCSB-CHG/CHIRPS/DAILY,222.4467,-146.4284,-65.8263,1996-2025
2004,11,carbon_project_zone,147.7489,UCSB-CHG/CHIRPS/DAILY,266.0786,-118.3297,-44.4717,1996-2025
2004,12,carbon_project_zone,307.7944,UCSB-CHG/CHIRPS/DAILY,313.3270,-5.5326,-1.7658,1996-2025
2005,1,carbon_project_zone,176.6420,UCSB-CHG/CHIRPS/DAILY,262.9213,-86.2793,-32.8156,1996-2025
2005,2,carbon_project_zone,235.6231,UCSB-CHG/CHIRPS/DAILY,265.2713,-29.6482,-11.1766,1996-2025
2005,3,carbon_project_zone,287.6937,UCSB-CHG/CHIRPS/DAILY,321.3425,-33.6488,-10.4713,1996-2025
2005,4,carbon_project_zone,341.7300,UCSB-CHG/CHIRPS/DAILY,295.0304,46.6996,15.8287,1996-2025
2005,5,carbon_project_zone,109.0956,UCSB-CHG/CHIRPS/DAILY,246.7391,-137.6435,-55.7850,1996-2025
2005,6,carbon_project_zone,117.5196,UCSB-CHG/CHIRPS/DAILY,195.4185,-77.8989,-39.8626,1996-2025
2005,7,carbon_project_zone,135.5939,UCSB-CHG/CHIRPS/DAILY,134.0310,1.5629,1.1661,1996-2025
2005,8,carbon_project_zone,83.9792,UCSB-CHG/CHIRPS/DAILY,104.2049,-20.2257,-19.4095,1996-2025
2005,9,carbon_project_zone,79.2231,UCSB-CHG/CHIRPS/DAILY,115.3072,-36.0841,-31.2939,1996-2025
2005,10,carbon_project_zone,275.0393,UCSB-CHG/CHIRPS/DAILY,222.4467,52.5926,23.6428,1996-2025
2005,11,carbon_project_zone,293.5418,UCSB-CHG/CHIRPS/DAILY,266.0786,27.4632,10.3215,1996-2025
2005,12,carbon_project_zone,240.0982,UCSB-CHG/CHIRPS/DAILY,313.3270,-73.2288,-23.3714,1996-2025
2006,1,carbon_project_zone,293.5103,UCSB-CHG/CHIRPS/DAILY,262.9213,30.5890,11.6343,1996-2025
2006,2,carbon_project_zone,288.1299,UCSB-CHG/CHIRPS/DAILY,265.2713,22.8586,8.6171,1996-2025
2006,3,carbon_project_zone,342.7955,UCSB-CHG/CHIRPS/DAILY,321.3425,21.4530,6.6761,1996-2025
2006,4,carbon_project_zone,252.8961,UCSB-CHG/CHIRPS/DAILY,295.0304,-42.1343,-14.2813,1996-2025
2006,5,carbon_project_zone,277.2004,UCSB-CHG/CHIRPS/DAILY,246.7391,30.4613,12.3456,1996-2025
2006,6,carbon_project_zone,333.9995,UCSB-CHG/CHIRPS/DAILY,195.4185,138.5810,70.9150,1996-2025
2006,7,carbon_project_zone,28.3361,UCSB-CHG/CHIRPS/DAILY,134.0310,-105.6949,-78.8585,1996-2025
2006,8,carbon_project_zone,18.7735,UCSB-CHG/CHIRPS/DAILY,104.2049,-85.4314,-81.9841,1996-2025
2006,9,carbon_project_zone,48.5257,UCSB-CHG/CHIRPS/DAILY,115.3072,-66.7815,-57.9162,1996-2025
2006,10,carbon_project_zone,19.5682,UCSB-CHG/CHIRPS/DAILY,222.4467,-202.8785,-91.2032,1996-2025
2006,11,carbon_project_zone,213.3604,UCSB-CHG/CHIRPS/DAILY,266.0786,-52.7182,-19.8130,1996-2025
2006,12,carbon_project_zone,370.0290,UCSB-CHG/CHIRPS/DAILY,313.3270,56.7020,18.0967,1996-2025
2007,1,carbon_project_zone,187.9665,UCSB-CHG/CHIRPS/DAILY,262.9213,-74.9548,-28.5085,1996-2025
2007,2,carbon_project_zone,271.3323,UCSB-CHG/CHIRPS/DAILY,265.2713,6.0610,2.2848,1996-2025
2007,3,carbon_project_zone,315.8862,UCSB-CHG/CHIRPS/DAILY,321.3425,-5.4563,-1.6980,1996-2025
2007,4,carbon_project_zone,336.0991,UCSB-CHG/CHIRPS/DAILY,295.0304,41.0687,13.9202,1996-2025
2007,5,carbon_project_zone,226.2308,UCSB-CHG/CHIRPS/DAILY,246.7391,-20.5083,-8.3117,1996-2025
2007,6,carbon_project_zone,278.8826,UCSB-CHG/CHIRPS/DAILY,195.4185,83.4641,42.7104,1996-2025
2007,7,carbon_project_zone,277.4801,UCSB-CHG/CHIRPS/DAILY,134.0310,143.4491,107.0268,1996-2025
2007,8,carbon_project_zone,142.7067,UCSB-CHG/CHIRPS/DAILY,104.2049,38.5018,36.9482,1996-2025
2007,9,carbon_project_zone,72.5419,UCSB-CHG/CHIRPS/DAILY,115.3072,-42.7653,-37.0881,1996-2025
2007,10,carbon_project_zone,272.4928,UCSB-CHG/CHIRPS/DAILY,222.4467,50.0461,22.4980,1996-2025
2007,11,carbon_project_zone,191.6306,UCSB-CHG/CHIRPS/DAILY,266.0786,-74.4480,-27.9797,1996-2025
2007,12,carbon_project_zone,308.6675,UCSB-CHG/CHIRPS/DAILY,313.3270,-4.6595,-1.4871,1996-2025
2008,1,carbon_project_zone,216.1639,UCSB-CHG/CHIRPS/DAILY,262.9213,-46.7574,-17.7838,1996-2025
2008,2,carbon_project_zone,297.6197,UCSB-CHG/CHIRPS/DAILY,265.2713,32.3484,12.1945,1996-2025
2008,3,carbon_project_zone,400.0219,UCSB-CHG/CHIRPS/DAILY,321.3425,78.6794,24.4846,1996-2025
2008,4,carbon_project_zone,260.2329,UCSB-CHG/CHIRPS/DAILY,295.0304,-34.7975,-11.7945,1996-2025
2008,5,carbon_project_zone,180.4280,UCSB-CHG/CHIRPS/DAILY,246.7391,-66.3111,-26.8750,1996-2025
2008,6,carbon_project_zone,202.5730,UCSB-CHG/CHIRPS/DAILY,195.4185,7.1545,3.6611,1996-2025
2008,7,carbon_project_zone,147.9182,UCSB-CHG/CHIRPS/DAILY,134.0310,13.8872,10.3612,1996-2025
2008,8,carbon_project_zone,301.8669,UCSB-CHG/CHIRPS/DAILY,104.2049,197.6620,189.6859,1996-2025
2008,9,carbon_project_zone,152.4670,UCSB-CHG/CHIRPS/DAILY,115.3072,37.1598,32.2268,1996-2025
2008,10,carbon_project_zone,310.1848,UCSB-CHG/CHIRPS/DAILY,222.4467,87.7381,39.4423,1996-2025
2008,11,carbon_project_zone,337.4512,UCSB-CHG/CHIRPS/DAILY,266.0786,71.3726,26.8239,1996-2025
2008,12,carbon_project_zone,369.8362,UCSB-CHG/CHIRPS/DAILY,313.3270,56.5092,18.0352,1996-2025
2009,1,carbon_project_zone,231.8300,UCSB-CHG/CHIRPS/DAILY,262.9213,-31.0913,-11.8253,1996-2025
2009,2,carbon_project_zone,258.9639,UCSB-CHG/CHIRPS/DAILY,265.2713,-6.3074,-2.3777,1996-2025
2009,3,carbon_project_zone,330.1173,UCSB-CHG/CHIRPS/DAILY,321.3425,8.7748,2.7307,1996-2025
2009,4,carbon_project_zone,266.9544,UCSB-CHG/CHIRPS/DAILY,295.0304,-28.0760,-9.5163,1996-2025
2009,5,carbon_project_zone,181.7186,UCSB-CHG/CHIRPS/DAILY,246.7391,-65.0205,-26.3519,1996-2025
2009,6,carbon_project_zone,159.0778,UCSB-CHG/CHIRPS/DAILY,195.4185,-36.3407,-18.5963,1996-2025
2009,7,carbon_project_zone,79.3408,UCSB-CHG/CHIRPS/DAILY,134.0310,-54.6902,-40.8041,1996-2025
2009,8,carbon_project_zone,55.6110,UCSB-CHG/CHIRPS/DAILY,104.2049,-48.5939,-46.6330,1996-2025
2009,9,carbon_project_zone,16.9825,UCSB-CHG/CHIRPS/DAILY,115.3072,-98.3247,-85.2720,1996-2025
2009,10,carbon_project_zone,235.3209,UCSB-CHG/CHIRPS/DAILY,222.4467,12.8742,5.7875,1996-2025
2009,11,carbon_project_zone,283.7899,UCSB-CHG/CHIRPS/DAILY,266.0786,17.7113,6.6564,1996-2025
2009,12,carbon_project_zone,312.1686,UCSB-CHG/CHIRPS/DAILY,313.3270,-1.1584,-0.3697,1996-2025
2010,1,carbon_project_zone,325.8993,UCSB-CHG/CHIRPS/DAILY,262.9213,62.9780,23.9532,1996-2025
2010,2,carbon_project_zone,314.0811,UCSB-CHG/CHIRPS/DAILY,265.2713,48.8098,18.4000,1996-2025
2010,3,carbon_project_zone,361.8149,UCSB-CHG/CHIRPS/DAILY,321.3425,40.4724,12.5948,1996-2025
2010,4,carbon_project_zone,291.5666,UCSB-CHG/CHIRPS/DAILY,295.0304,-3.4638,-1.1740,1996-2025
2010,5,carbon_project_zone,375.7765,UCSB-CHG/CHIRPS/DAILY,246.7391,129.0374,52.2971,1996-2025
2010,6,carbon_project_zone,298.6761,UCSB-CHG/CHIRPS/DAILY,195.4185,103.2576,52.8392,1996-2025
2010,7,carbon_project_zone,433.1372,UCSB-CHG/CHIRPS/DAILY,134.0310,299.1062,223.1620,1996-2025
2010,8,carbon_project_zone,359.2086,UCSB-CHG/CHIRPS/DAILY,104.2049,255.0037,244.7137,1996-2025
2010,9,carbon_project_zone,443.8483,UCSB-CHG/CHIRPS/DAILY,115.3072,328.5411,284.9268,1996-2025
2010,10,carbon_project_zone,426.0961,UCSB-CHG/CHIRPS/DAILY,222.4467,203.6494,91.5498,1996-2025
2010,11,carbon_project_zone,346.2690,UCSB-CHG/CHIRPS/DAILY,266.0786,80.1904,30.1379,1996-2025
2010,12,carbon_project_zone,187.2700,UCSB-CHG/CHIRPS/DAILY,313.3270,-126.0570,-40.2318,1996-2025
2011,1,carbon_project_zone,289.9713,UCSB-CHG/CHIRPS/DAILY,262.9213,27.0500,10.2882,1996-2025
2011,2,carbon_project_zone,153.6135,UCSB-CHG/CHIRPS/DAILY,265.2713,-111.6578,-42.0919,1996-2025
2011,3,carbon_project_zone,329.7923,UCSB-CHG/CHIRPS/DAILY,321.3425,8.4498,2.6295,1996-2025
2011,4,carbon_project_zone,315.1949,UCSB-CHG/CHIRPS/DAILY,295.0304,20.1645,6.8347,1996-2025
2011,5,carbon_project_zone,203.8206,UCSB-CHG/CHIRPS/DAILY,246.7391,-42.9185,-17.3943,1996-2025
2011,6,carbon_project_zone,46.3340,UCSB-CHG/CHIRPS/DAILY,195.4185,-149.0845,-76.2899,1996-2025
2011,7,carbon_project_zone,92.3217,UCSB-CHG/CHIRPS/DAILY,134.0310,-41.7093,-31.1191,1996-2025
2011,8,carbon_project_zone,48.9673,UCSB-CHG/CHIRPS/DAILY,104.2049,-55.2376,-53.0086,1996-2025
2011,9,carbon_project_zone,100.0609,UCSB-CHG/CHIRPS/DAILY,115.3072,-15.2463,-13.2223,1996-2025
2011,10,carbon_project_zone,341.2047,UCSB-CHG/CHIRPS/DAILY,222.4467,118.7580,53.3872,1996-2025
2011,11,carbon_project_zone,482.6990,UCSB-CHG/CHIRPS/DAILY,266.0786,216.6204,81.4122,1996-2025
2011,12,carbon_project_zone,477.2137,UCSB-CHG/CHIRPS/DAILY,313.3270,163.8867,52.3053,1996-2025
2012,1,carbon_project_zone,199.2199,UCSB-CHG/CHIRPS/DAILY,262.9213,-63.7014,-24.2283,1996-2025
2012,2,carbon_project_zone,272.0022,UCSB-CHG/CHIRPS/DAILY,265.2713,6.7309,2.5374,1996-2025
2012,3,carbon_project_zone,263.1110,UCSB-CHG/CHIRPS/DAILY,321.3425,-58.2315,-18.1213,1996-2025
2012,4,carbon_project_zone,252.5827,UCSB-CHG/CHIRPS/DAILY,295.0304,-42.4477,-14.3876,1996-2025
2012,5,carbon_project_zone,140.4559,UCSB-CHG/CHIRPS/DAILY,246.7391,-106.2832,-43.0751,1996-2025
2012,6,carbon_project_zone,136.5757,UCSB-CHG/CHIRPS/DAILY,195.4185,-58.8428,-30.1112,1996-2025
2012,7,carbon_project_zone,217.5668,UCSB-CHG/CHIRPS/DAILY,134.0310,83.5358,62.3257,1996-2025
2012,8,carbon_project_zone,57.4146,UCSB-CHG/CHIRPS/DAILY,104.2049,-46.7903,-44.9022,1996-2025
2012,9,carbon_project_zone,61.4999,UCSB-CHG/CHIRPS/DAILY,115.3072,-53.8073,-46.6643,1996-2025
2012,10,carbon_project_zone,220.2096,UCSB-CHG/CHIRPS/DAILY,222.4467,-2.2371,-1.0057,1996-2025
2012,11,carbon_project_zone,243.6700,UCSB-CHG/CHIRPS/DAILY,266.0786,-22.4086,-8.4218,1996-2025
2012,12,carbon_project_zone,404.7169,UCSB-CHG/CHIRPS/DAILY,313.3270,91.3899,29.1676,1996-2025
2013,1,carbon_project_zone,236.3918,UCSB-CHG/CHIRPS/DAILY,262.9213,-26.5295,-10.0903,1996-2025
2013,2,carbon_project_zone,227.3810,UCSB-CHG/CHIRPS/DAILY,265.2713,-37.8903,-14.2836,1996-2025
2013,3,carbon_project_zone,356.0761,UCSB-CHG/CHIRPS/DAILY,321.3425,34.7336,10.8089,1996-2025
2013,4,carbon_project_zone,276.6062,UCSB-CHG/CHIRPS/DAILY,295.0304,-18.4242,-6.2448,1996-2025
2013,5,carbon_project_zone,382.8686,UCSB-CHG/CHIRPS/DAILY,246.7391,136.1295,55.1714,1996-2025
2013,6,carbon_project_zone,197.1018,UCSB-CHG/CHIRPS/DAILY,195.4185,1.6833,0.8614,1996-2025
2013,7,carbon_project_zone,233.0746,UCSB-CHG/CHIRPS/DAILY,134.0310,99.0436,73.8960,1996-2025
2013,8,carbon_project_zone,153.5460,UCSB-CHG/CHIRPS/DAILY,104.2049,49.3411,47.3501,1996-2025
2013,9,carbon_project_zone,74.7093,UCSB-CHG/CHIRPS/DAILY,115.3072,-40.5979,-35.2085,1996-2025
2013,10,carbon_project_zone,118.2859,UCSB-CHG/CHIRPS/DAILY,222.4467,-104.1608,-46.8251,1996-2025
2013,11,carbon_project_zone,227.7764,UCSB-CHG/CHIRPS/DAILY,266.0786,-38.3022,-14.3951,1996-2025
2013,12,carbon_project_zone,347.0364,UCSB-CHG/CHIRPS/DAILY,313.3270,33.7094,10.7585,1996-2025
2014,1,carbon_project_zone,202.2421,UCSB-CHG/CHIRPS/DAILY,262.9213,-60.6792,-23.0788,1996-2025
2014,2,carbon_project_zone,251.3708,UCSB-CHG/CHIRPS/DAILY,265.2713,-13.9005,-5.2401,1996-2025
2014,3,carbon_project_zone,408.1814,UCSB-CHG/CHIRPS/DAILY,321.3425,86.8389,27.0238,1996-2025
2014,4,carbon_project_zone,252.7951,UCSB-CHG/CHIRPS/DAILY,295.0304,-42.2353,-14.3156,1996-2025
2014,5,carbon_project_zone,291.7148,UCSB-CHG/CHIRPS/DAILY,246.7391,44.9757,18.2280,1996-2025
2014,6,carbon_project_zone,265.5348,UCSB-CHG/CHIRPS/DAILY,195.4185,70.1163,35.8801,1996-2025
2014,7,carbon_project_zone,49.9251,UCSB-CHG/CHIRPS/DAILY,134.0310,-84.1059,-62.7511,1996-2025
2014,8,carbon_project_zone,97.9522,UCSB-CHG/CHIRPS/DAILY,104.2049,-6.2527,-6.0004,1996-2025
2014,9,carbon_project_zone,28.9807,UCSB-CHG/CHIRPS/DAILY,115.3072,-86.3265,-74.8665,1996-2025
2014,10,carbon_project_zone,52.7485,UCSB-CHG/CHIRPS/DAILY,222.4467,-169.6982,-76.2871,1996-2025
2014,11,carbon_project_zone,249.3162,UCSB-CHG/CHIRPS/DAILY,266.0786,-16.7624,-6.2998,1996-2025
2014,12,carbon_project_zone,307.2321,UCSB-CHG/CHIRPS/DAILY,313.3270,-6.0949,-1.9452,1996-2025
2015,1,carbon_project_zone,233.5942,UCSB-CHG/CHIRPS/DAILY,262.9213,-29.3271,-11.1543,1996-2025
2015,2,carbon_project_zone,367.7302,UCSB-CHG/CHIRPS/DAILY,265.2713,102.4589,38.6242,1996-2025
2015,3,carbon_project_zone,286.2900,UCSB-CHG/CHIRPS/DAILY,321.3425,-35.0525,-10.9081,1996-2025
2015,4,carbon_project_zone,356.2666,UCSB-CHG/CHIRPS/DAILY,295.0304,61.2362,20.7559,1996-2025
2015,5,carbon_project_zone,252.4890,UCSB-CHG/CHIRPS/DAILY,246.7391,5.7499,2.3304,1996-2025
2015,6,carbon_project_zone,125.4315,UCSB-CHG/CHIRPS/DAILY,195.4185,-69.9870,-35.8139,1996-2025
2015,7,carbon_project_zone,29.7175,UCSB-CHG/CHIRPS/DAILY,134.0310,-104.3135,-77.8279,1996-2025
2015,8,carbon_project_zone,17.2008,UCSB-CHG/CHIRPS/DAILY,104.2049,-87.0041,-83.4933,1996-2025
2015,9,carbon_project_zone,18.5741,UCSB-CHG/CHIRPS/DAILY,115.3072,-96.7331,-83.8916,1996-2025
2015,10,carbon_project_zone,40.3307,UCSB-CHG/CHIRPS/DAILY,222.4467,-182.1160,-81.8695,1996-2025
2015,11,carbon_project_zone,162.3393,UCSB-CHG/CHIRPS/DAILY,266.0786,-103.7393,-38.9882,1996-2025
2015,12,carbon_project_zone,459.0419,UCSB-CHG/CHIRPS/DAILY,313.3270,145.7149,46.5057,1996-2025
2016,1,carbon_project_zone,317.5933,UCSB-CHG/CHIRPS/DAILY,262.9213,54.6720,20.7941,1996-2025
2016,2,carbon_project_zone,306.5838,UCSB-CHG/CHIRPS/DAILY,265.2713,41.3125,15.5737,1996-2025
2016,3,carbon_project_zone,327.8186,UCSB-CHG/CHIRPS/DAILY,321.3425,6.4761,2.0153,1996-2025
2016,4,carbon_project_zone,286.2759,UCSB-CHG/CHIRPS/DAILY,295.0304,-8.7545,-2.9673,1996-2025
2016,5,carbon_project_zone,454.2056,UCSB-CHG/CHIRPS/DAILY,246.7391,207.4665,84.0833,1996-2025
2016,6,carbon_project_zone,237.2377,UCSB-CHG/CHIRPS/DAILY,195.4185,41.8192,21.3998,1996-2025
2016,7,carbon_project_zone,212.8945,UCSB-CHG/CHIRPS/DAILY,134.0310,78.8635,58.8397,1996-2025
2016,8,carbon_project_zone,100.0887,UCSB-CHG/CHIRPS/DAILY,104.2049,-4.1162,-3.9501,1996-2025
2016,9,carbon_project_zone,241.1935,UCSB-CHG/CHIRPS/DAILY,115.3072,125.8863,109.1747,1996-2025
2016,10,carbon_project_zone,392.0621,UCSB-CHG/CHIRPS/DAILY,222.4467,169.6154,76.2499,1996-2025
2016,11,carbon_project_zone,284.0684,UCSB-CHG/CHIRPS/DAILY,266.0786,17.9898,6.7611,1996-2025
2016,12,carbon_project_zone,281.6399,UCSB-CHG/CHIRPS/DAILY,313.3270,-31.6871,-10.1131,1996-2025
2017,1,carbon_project_zone,306.0878,UCSB-CHG/CHIRPS/DAILY,262.9213,43.1665,16.4180,1996-2025
2017,2,carbon_project_zone,313.5827,UCSB-CHG/CHIRPS/DAILY,265.2713,48.3114,18.2121,1996-2025
2017,3,carbon_project_zone,269.3249,UCSB-CHG/CHIRPS/DAILY,321.3425,-52.0176,-16.1876,1996-2025
2017,4,carbon_project_zone,296.5709,UCSB-CHG/CHIRPS/DAILY,295.0304,1.5405,0.5221,1996-2025
2017,5,carbon_project_zone,307.5612,UCSB-CHG/CHIRPS/DAILY,246.7391,60.8221,24.6504,1996-2025
2017,6,carbon_project_zone,246.3028,UCSB-CHG/CHIRPS/DAILY,195.4185,50.8843,26.0386,1996-2025
2017,7,carbon_project_zone,157.5819,UCSB-CHG/CHIRPS/DAILY,134.0310,23.5509,17.5712,1996-2025
2017,8,carbon_project_zone,153.7265,UCSB-CHG/CHIRPS/DAILY,104.2049,49.5216,47.5233,1996-2025
2017,9,carbon_project_zone,137.4351,UCSB-CHG/CHIRPS/DAILY,115.3072,22.1279,19.1904,1996-2025
2017,10,carbon_project_zone,198.4612,UCSB-CHG/CHIRPS/DAILY,222.4467,-23.9855,-10.7826,1996-2025
2017,11,carbon_project_zone,312.7621,UCSB-CHG/CHIRPS/DAILY,266.0786,46.6835,17.5450,1996-2025
2017,12,carbon_project_zone,262.1944,UCSB-CHG/CHIRPS/DAILY,313.3270,-51.1326,-16.3192,1996-2025
2018,1,carbon_project_zone,224.7150,UCSB-CHG/CHIRPS/DAILY,262.9213,-38.2063,-14.5315,1996-2025
2018,2,carbon_project_zone,303.4613,UCSB-CHG/CHIRPS/DAILY,265.2713,38.1900,14.3966,1996-2025
2018,3,carbon_project_zone,303.6709,UCSB-CHG/CHIRPS/DAILY,321.3425,-17.6716,-5.4993,1996-2025
2018,4,carbon_project_zone,292.4907,UCSB-CHG/CHIRPS/DAILY,295.0304,-2.5397,-0.8608,1996-2025
2018,5,carbon_project_zone,420.0264,UCSB-CHG/CHIRPS/DAILY,246.7391,173.2873,70.2310,1996-2025
2018,6,carbon_project_zone,189.9074,UCSB-CHG/CHIRPS/DAILY,195.4185,-5.5111,-2.8202,1996-2025
2018,7,carbon_project_zone,45.3842,UCSB-CHG/CHIRPS/DAILY,134.0310,-88.6468,-66.1390,1996-2025
2018,8,carbon_project_zone,58.4247,UCSB-CHG/CHIRPS/DAILY,104.2049,-45.7802,-43.9329,1996-2025
2018,9,carbon_project_zone,84.5719,UCSB-CHG/CHIRPS/DAILY,115.3072,-30.7353,-26.6551,1996-2025
2018,10,carbon_project_zone,156.5672,UCSB-CHG/CHIRPS/DAILY,222.4467,-65.8795,-29.6159,1996-2025
2018,11,carbon_project_zone,242.5657,UCSB-CHG/CHIRPS/DAILY,266.0786,-23.5129,-8.8368,1996-2025
2018,12,carbon_project_zone,309.9241,UCSB-CHG/CHIRPS/DAILY,313.3270,-3.4029,-1.0861,1996-2025
2019,1,carbon_project_zone,290.2288,UCSB-CHG/CHIRPS/DAILY,262.9213,27.3075,10.3862,1996-2025
2019,2,carbon_project_zone,341.0877,UCSB-CHG/CHIRPS/DAILY,265.2713,75.8164,28.5807,1996-2025
2019,3,carbon_project_zone,237.1980,UCSB-CHG/CHIRPS/DAILY,321.3425,-84.1445,-26.1853,1996-2025
2019,4,carbon_project_zone,374.9039,UCSB-CHG/CHIRPS/DAILY,295.0304,79.8735,27.0730,1996-2025
2019,5,carbon_project_zone,182.0480,UCSB-CHG/CHIRPS/DAILY,246.7391,-64.6911,-26.2184,1996-2025
2019,6,carbon_project_zone,171.7808,UCSB-CHG/CHIRPS/DAILY,195.4185,-23.6377,-12.0959,1996-2025
2019,7,carbon_project_zone,8.6263,UCSB-CHG/CHIRPS/DAILY,134.0310,-125.4047,-93.5640,1996-2025
2019,8,carbon_project_zone,27.9957,UCSB-CHG/CHIRPS/DAILY,104.2049,-76.2092,-73.1340,1996-2025
2019,9,carbon_project_zone,30.1302,UCSB-CHG/CHIRPS/DAILY,115.3072,-85.1770,-73.8696,1996-2025
2019,10,carbon_project_zone,144.5164,UCSB-CHG/CHIRPS/DAILY,222.4467,-77.9303,-35.0332,1996-2025
2019,11,carbon_project_zone,202.8480,UCSB-CHG/CHIRPS/DAILY,266.0786,-63.2306,-23.7639,1996-2025
2019,12,carbon_project_zone,229.7873,UCSB-CHG/CHIRPS/DAILY,313.3270,-83.5397,-26.6621,1996-2025
2020,1,carbon_project_zone,321.1497,UCSB-CHG/CHIRPS/DAILY,262.9213,58.2284,22.1467,1996-2025
2020,2,carbon_project_zone,280.6548,UCSB-CHG/CHIRPS/DAILY,265.2713,15.3835,5.7992,1996-2025
2020,3,carbon_project_zone,374.8770,UCSB-CHG/CHIRPS/DAILY,321.3425,53.5345,16.6596,1996-2025
2020,4,carbon_project_zone,458.0971,UCSB-CHG/CHIRPS/DAILY,295.0304,163.0667,55.2712,1996-2025
2020,5,carbon_project_zone,353.7660,UCSB-CHG/CHIRPS/DAILY,246.7391,107.0269,43.3765,1996-2025
2020,6,carbon_project_zone,180.0432,UCSB-CHG/CHIRPS/DAILY,195.4185,-15.3753,-7.8679,1996-2025
2020,7,carbon_project_zone,281.7549,UCSB-CHG/CHIRPS/DAILY,134.0310,147.7239,110.2162,1996-2025
2020,8,carbon_project_zone,91.2570,UCSB-CHG/CHIRPS/DAILY,104.2049,-12.9479,-12.4254,1996-2025
2020,9,carbon_project_zone,186.0813,UCSB-CHG/CHIRPS/DAILY,115.3072,70.7741,61.3787,1996-2025
2020,10,carbon_project_zone,238.1041,UCSB-CHG/CHIRPS/DAILY,222.4467,15.6574,7.0387,1996-2025
2020,11,carbon_project_zone,333.1924,UCSB-CHG/CHIRPS/DAILY,266.0786,67.1138,25.2233,1996-2025
2020,12,carbon_project_zone,248.8494,UCSB-CHG/CHIRPS/DAILY,313.3270,-64.4776,-20.5784,1996-2025
2021,1,carbon_project_zone,323.7206,UCSB-CHG/CHIRPS/DAILY,262.9213,60.7993,23.1245,1996-2025
2021,2,carbon_project_zone,626.7193,UCSB-CHG/CHIRPS/DAILY,265.2713,361.4480,136.2560,1996-2025
2021,3,carbon_project_zone,289.4726,UCSB-CHG/CHIRPS/DAILY,321.3425,-31.8699,-9.9177,1996-2025
2021,4,carbon_project_zone,169.2362,UCSB-CHG/CHIRPS/DAILY,295.0304,-125.7942,-42.6377,1996-2025
2021,5,carbon_project_zone,287.9163,UCSB-CHG/CHIRPS/DAILY,246.7391,41.1772,16.6886,1996-2025
2021,6,carbon_project_zone,308.4854,UCSB-CHG/CHIRPS/DAILY,195.4185,113.0669,57.8589,1996-2025
2021,7,carbon_project_zone,167.4642,UCSB-CHG/CHIRPS/DAILY,134.0310,33.4332,24.9444,1996-2025
2021,8,carbon_project_zone,302.4849,UCSB-CHG/CHIRPS/DAILY,104.2049,198.2800,190.2790,1996-2025
2021,9,carbon_project_zone,293.8727,UCSB-CHG/CHIRPS/DAILY,115.3072,178.5655,154.8607,1996-2025
2021,10,carbon_project_zone,346.3798,UCSB-CHG/CHIRPS/DAILY,222.4467,123.9331,55.7136,1996-2025
2021,11,carbon_project_zone,282.9126,UCSB-CHG/CHIRPS/DAILY,266.0786,16.8340,6.3267,1996-2025
2021,12,carbon_project_zone,276.9364,UCSB-CHG/CHIRPS/DAILY,313.3270,-36.3906,-11.6143,1996-2025
2022,1,carbon_project_zone,269.4580,UCSB-CHG/CHIRPS/DAILY,262.9213,6.5367,2.4862,1996-2025
2022,2,carbon_project_zone,294.1322,UCSB-CHG/CHIRPS/DAILY,265.2713,28.8609,10.8798,1996-2025
2022,3,carbon_project_zone,321.3737,UCSB-CHG/CHIRPS/DAILY,321.3425,0.0312,0.0097,1996-2025
2022,4,carbon_project_zone,230.3062,UCSB-CHG/CHIRPS/DAILY,295.0304,-64.7242,-21.9381,1996-2025
2022,5,carbon_project_zone,271.3546,UCSB-CHG/CHIRPS/DAILY,246.7391,24.6155,9.9763,1996-2025
2022,6,carbon_project_zone,394.6708,UCSB-CHG/CHIRPS/DAILY,195.4185,199.2523,101.9618,1996-2025
2022,7,carbon_project_zone,309.5809,UCSB-CHG/CHIRPS/DAILY,134.0310,175.5499,130.9771,1996-2025
2022,8,carbon_project_zone,256.9708,UCSB-CHG/CHIRPS/DAILY,104.2049,152.7659,146.6015,1996-2025
2022,9,carbon_project_zone,306.5088,UCSB-CHG/CHIRPS/DAILY,115.3072,191.2016,165.8193,1996-2025
2022,10,carbon_project_zone,316.4358,UCSB-CHG/CHIRPS/DAILY,222.4467,93.9891,42.2524,1996-2025
2022,11,carbon_project_zone,277.8301,UCSB-CHG/CHIRPS/DAILY,266.0786,11.7515,4.4166,1996-2025
2022,12,carbon_project_zone,274.7505,UCSB-CHG/CHIRPS/DAILY,313.3270,-38.5765,-12.3119,1996-2025
2023,1,carbon_project_zone,231.8397,UCSB-CHG/CHIRPS/DAILY,262.9213,-31.0816,-11.8216,1996-2025
2023,2,carbon_project_zone,312.8858,UCSB-CHG/CHIRPS/DAILY,265.2713,47.6145,17.9494,1996-2025
2023,3,carbon_project_zone,359.2401,UCSB-CHG/CHIRPS/DAILY,321.3425,37.8976,11.7935,1996-2025
2023,4,carbon_project_zone,271.8672,UCSB-CHG/CHIRPS/DAILY,295.0304,-23.1632,-7.8511,1996-2025
2023,5,carbon_project_zone,152.8103,UCSB-CHG/CHIRPS/DAILY,246.7391,-93.9288,-38.0681,1996-2025
2023,6,carbon_project_zone,149.0105,UCSB-CHG/CHIRPS/DAILY,195.4185,-46.4080,-23.7480,1996-2025
2023,7,carbon_project_zone,239.4270,UCSB-CHG/CHIRPS/DAILY,134.0310,105.3960,78.6355,1996-2025
2023,8,carbon_project_zone,25.1146,UCSB-CHG/CHIRPS/DAILY,104.2049,-79.0903,-75.8988,1996-2025
2023,9,carbon_project_zone,43.7872,UCSB-CHG/CHIRPS/DAILY,115.3072,-71.5200,-62.0256,1996-2025
2023,10,carbon_project_zone,106.7829,UCSB-CHG/CHIRPS/DAILY,222.4467,-115.6638,-51.9962,1996-2025
2023,11,carbon_project_zone,276.0905,UCSB-CHG/CHIRPS/DAILY,266.0786,10.0119,3.7628,1996-2025
2023,12,carbon_project_zone,243.6213,UCSB-CHG/CHIRPS/DAILY,313.3270,-69.7057,-22.2469,1996-2025
2024,1,carbon_project_zone,422.7163,UCSB-CHG/CHIRPS/DAILY,262.9213,159.7950,60.7767,1996-2025
2024,2,carbon_project_zone,224.9090,UCSB-CHG/CHIRPS/DAILY,265.2713,-40.3623,-15.2155,1996-2025
2024,3,carbon_project_zone,319.5747,UCSB-CHG/CHIRPS/DAILY,321.3425,-1.7678,-0.5501,1996-2025
2024,4,carbon_project_zone,330.0927,UCSB-CHG/CHIRPS/DAILY,295.0304,35.0623,11.8843,1996-2025
2024,5,carbon_project_zone,269.3460,UCSB-CHG/CHIRPS/DAILY,246.7391,22.6069,9.1623,1996-2025
2024,6,carbon_project_zone,211.0732,UCSB-CHG/CHIRPS/DAILY,195.4185,15.6547,8.0109,1996-2025
2024,7,carbon_project_zone,173.9292,UCSB-CHG/CHIRPS/DAILY,134.0310,39.8982,29.7679,1996-2025
2024,8,carbon_project_zone,123.6157,UCSB-CHG/CHIRPS/DAILY,104.2049,19.4108,18.6275,1996-2025
2024,9,carbon_project_zone,171.3595,UCSB-CHG/CHIRPS/DAILY,115.3072,56.0523,48.6113,1996-2025
2024,10,carbon_project_zone,173.5972,UCSB-CHG/CHIRPS/DAILY,222.4467,-48.8495,-21.9601,1996-2025
2024,11,carbon_project_zone,262.7383,UCSB-CHG/CHIRPS/DAILY,266.0786,-3.3403,-1.2554,1996-2025
2024,12,carbon_project_zone,318.2789,UCSB-CHG/CHIRPS/DAILY,313.3270,4.9519,1.5804,1996-2025
2025,1,carbon_project_zone,357.0876,UCSB-CHG/CHIRPS/DAILY,262.9213,94.1663,35.8154,1996-2025
2025,2,carbon_project_zone,344.6269,UCSB-CHG/CHIRPS/DAILY,265.2713,79.3556,29.9149,1996-2025
2025,3,carbon_project_zone,377.2200,UCSB-CHG/CHIRPS/DAILY,321.3425,55.8775,17.3888,1996-2025
2025,4,carbon_project_zone,259.6603,UCSB-CHG/CHIRPS/DAILY,295.0304,-35.3701,-11.9886,1996-2025
2025,5,carbon_project_zone,351.7112,UCSB-CHG/CHIRPS/DAILY,246.7391,104.9721,42.5438,1996-2025
2025,6,carbon_project_zone,229.0645,UCSB-CHG/CHIRPS/DAILY,195.4185,33.6460,17.2174,1996-2025
2025,7,carbon_project_zone,80.3191,UCSB-CHG/CHIRPS/DAILY,134.0310,-53.7119,-40.0742,1996-2025
2025,8,carbon_project_zone,358.6031,UCSB-CHG/CHIRPS/DAILY,104.2049,254.3982,244.1327,1996-2025
2025,9,carbon_project_zone,288.9425,UCSB-CHG/CHIRPS/DAILY,115.3072,173.6353,150.5850,1996-2025
2025,10,carbon_project_zone,297.0795,UCSB-CHG/CHIRPS/DAILY,222.4467,74.6328,33.5509,1996-2025
2025,11,carbon_project_zone,339.0822,UCSB-CHG/CHIRPS/DAILY,266.0786,73.0036,27.4369,1996-2025
2025,12,carbon_project_zone,322.7853,UCSB-CHG/CHIRPS/DAILY,313.3270,9.4583,3.0187,1996-2025
1996,1,project_area,287.9873,UCSB-CHG/CHIRPS/DAILY,263.2860,24.7013,9.3819,1996-2025
1996,2,project_area,234.5522,UCSB-CHG/CHIRPS/DAILY,265.4516,-30.8994,-11.6403,1996-2025
1996,3,project_area,378.3246,UCSB-CHG/CHIRPS/DAILY,321.0672,57.2574,17.8335,1996-2025
1996,4,project_area,151.4064,UCSB-CHG/CHIRPS/DAILY,295.8380,-144.4316,-48.8212,1996-2025
1996,5,project_area,79.5374,UCSB-CHG/CHIRPS/DAILY,247.3949,-167.8575,-67.8500,1996-2025
1996,6,project_area,237.8737,UCSB-CHG/CHIRPS/DAILY,197.1824,40.6913,20.6364,1996-2025
1996,7,project_area,76.6085,UCSB-CHG/CHIRPS/DAILY,134.9247,-58.3162,-43.2213,1996-2025
1996,8,project_area,295.3095,UCSB-CHG/CHIRPS/DAILY,105.6728,189.6367,179.4565,1996-2025
1996,9,project_area,130.3372,UCSB-CHG/CHIRPS/DAILY,115.6745,14.6627,12.6758,1996-2025
1996,10,project_area,429.9187,UCSB-CHG/CHIRPS/DAILY,226.0494,203.8693,90.1879,1996-2025
1996,11,project_area,213.3913,UCSB-CHG/CHIRPS/DAILY,267.4471,-54.0558,-20.2118,1996-2025
1996,12,project_area,287.7394,UCSB-CHG/CHIRPS/DAILY,315.1390,-27.3996,-8.6944,1996-2025
1997,1,project_area,213.2134,UCSB-CHG/CHIRPS/DAILY,263.2860,-50.0726,-19.0183,1996-2025
1997,2,project_area,175.9612,UCSB-CHG/CHIRPS/DAILY,265.4516,-89.4904,-33.7125,1996-2025
1997,3,project_area,142.7630,UCSB-CHG/CHIRPS/DAILY,321.0672,-178.3042,-55.5349,1996-2025
1997,4,project_area,356.7009,UCSB-CHG/CHIRPS/DAILY,295.8380,60.8629,20.5731,1996-2025
1997,5,project_area,81.3547,UCSB-CHG/CHIRPS/DAILY,247.3949,-166.0402,-67.1154,1996-2025
1997,6,project_area,19.5040,UCSB-CHG/CHIRPS/DAILY,197.1824,-177.6784,-90.1087,1996-2025
1997,7,project_area,67.3626,UCSB-CHG/CHIRPS/DAILY,134.9247,-67.5621,-50.0739,1996-2025
1997,8,project_area,14.8903,UCSB-CHG/CHIRPS/DAILY,105.6728,-90.7825,-85.9091,1996-2025
1997,9,project_area,6.1386,UCSB-CHG/CHIRPS/DAILY,115.6745,-109.5359,-94.6932,1996-2025
1997,10,project_area,52.5841,UCSB-CHG/CHIRPS/DAILY,226.0494,-173.4653,-76.7378,1996-2025
1997,11,project_area,212.8037,UCSB-CHG/CHIRPS/DAILY,267.4471,-54.6434,-20.4315,1996-2025
1997,12,project_area,301.9897,UCSB-CHG/CHIRPS/DAILY,315.1390,-13.1493,-4.1725,1996-2025
1998,1,project_area,203.1538,UCSB-CHG/CHIRPS/DAILY,263.2860,-60.1322,-22.8391,1996-2025
1998,2,project_area,250.7614,UCSB-CHG/CHIRPS/DAILY,265.4516,-14.6902,-5.5340,1996-2025
1998,3,project_area,309.3217,UCSB-CHG/CHIRPS/DAILY,321.0672,-11.7455,-3.6583,1996-2025
1998,4,project_area,265.2908,UCSB-CHG/CHIRPS/DAILY,295.8380,-30.5472,-10.3257,1996-2025
1998,5,project_area,269.5033,UCSB-CHG/CHIRPS/DAILY,247.3949,22.1084,8.9365,1996-2025
1998,6,project_area,354.8811,UCSB-CHG/CHIRPS/DAILY,197.1824,157.6987,79.9761,1996-2025
1998,7,project_area,295.8591,UCSB-CHG/CHIRPS/DAILY,134.9247,160.9344,119.2772,1996-2025
1998,8,project_area,250.7456,UCSB-CHG/CHIRPS/DAILY,105.6728,145.0728,137.2849,1996-2025
1998,9,project_area,229.2688,UCSB-CHG/CHIRPS/DAILY,115.6745,113.5943,98.2017,1996-2025
1998,10,project_area,259.8640,UCSB-CHG/CHIRPS/DAILY,226.0494,33.8146,14.9589,1996-2025
1998,11,project_area,286.0992,UCSB-CHG/CHIRPS/DAILY,267.4471,18.6521,6.9741,1996-2025
1998,12,project_area,244.0239,UCSB-CHG/CHIRPS/DAILY,315.1390,-71.1151,-22.5663,1996-2025
1999,1,project_area,324.6961,UCSB-CHG/CHIRPS/DAILY,263.2860,61.4101,23.3245,1996-2025
1999,2,project_area,307.4819,UCSB-CHG/CHIRPS/DAILY,265.4516,42.0303,15.8335,1996-2025
1999,3,project_area,224.4859,UCSB-CHG/CHIRPS/DAILY,321.0672,-96.5813,-30.0813,1996-2025
1999,4,project_area,276.3605,UCSB-CHG/CHIRPS/DAILY,295.8380,-19.4775,-6.5838,1996-2025
1999,5,project_area,291.4591,UCSB-CHG/CHIRPS/DAILY,247.3949,44.0642,17.8113,1996-2025
1999,6,project_area,197.2594,UCSB-CHG/CHIRPS/DAILY,197.1824,0.0770,0.0391,1996-2025
1999,7,project_area,191.6078,UCSB-CHG/CHIRPS/DAILY,134.9247,56.6831,42.0109,1996-2025
1999,8,project_area,135.1870,UCSB-CHG/CHIRPS/DAILY,105.6728,29.5142,27.9298,1996-2025
1999,9,project_area,168.6142,UCSB-CHG/CHIRPS/DAILY,115.6745,52.9397,45.7661,1996-2025
1999,10,project_area,460.4939,UCSB-CHG/CHIRPS/DAILY,226.0494,234.4445,103.7138,1996-2025
1999,11,project_area,263.2354,UCSB-CHG/CHIRPS/DAILY,267.4471,-4.2117,-1.5748,1996-2025
1999,12,project_area,320.4149,UCSB-CHG/CHIRPS/DAILY,315.1390,5.2759,1.6742,1996-2025
2000,1,project_area,305.1922,UCSB-CHG/CHIRPS/DAILY,263.2860,41.9062,15.9166,1996-2025
2000,2,project_area,245.5063,UCSB-CHG/CHIRPS/DAILY,265.4516,-19.9453,-7.5137,1996-2025
2000,3,project_area,351.0115,UCSB-CHG/CHIRPS/DAILY,321.0672,29.9443,9.3265,1996-2025
2000,4,project_area,282.7079,UCSB-CHG/CHIRPS/DAILY,295.8380,-13.1301,-4.4383,1996-2025
2000,5,project_area,237.4360,UCSB-CHG/CHIRPS/DAILY,247.3949,-9.9589,-4.0255,1996-2025
2000,6,project_area,256.5276,UCSB-CHG/CHIRPS/DAILY,197.1824,59.3452,30.0966,1996-2025
2000,7,project_area,126.7189,UCSB-CHG/CHIRPS/DAILY,134.9247,-8.2058,-6.0818,1996-2025
2000,8,project_area,235.5798,UCSB-CHG/CHIRPS/DAILY,105.6728,129.9070,122.9332,1996-2025
2000,9,project_area,194.6611,UCSB-CHG/CHIRPS/DAILY,115.6745,78.9866,68.2835,1996-2025
2000,10,project_area,244.8595,UCSB-CHG/CHIRPS/DAILY,226.0494,18.8101,8.3212,1996-2025
2000,11,project_area,304.1198,UCSB-CHG/CHIRPS/DAILY,267.4471,36.6727,13.7121,1996-2025
2000,12,project_area,298.4589,UCSB-CHG/CHIRPS/DAILY,315.1390,-16.6801,-5.2929,1996-2025
2001,1,project_area,243.1162,UCSB-CHG/CHIRPS/DAILY,263.2860,-20.1698,-7.6608,1996-2025
2001,2,project_area,187.7899,UCSB-CHG/CHIRPS/DAILY,265.4516,-77.6617,-29.2564,1996-2025
2001,3,project_area,337.1887,UCSB-CHG/CHIRPS/DAILY,321.0672,16.1215,5.0212,1996-2025
2001,4,project_area,340.4824,UCSB-CHG/CHIRPS/DAILY,295.8380,44.6444,15.0908,1996-2025
2001,5,project_area,277.7734,UCSB-CHG/CHIRPS/DAILY,247.3949,30.3785,12.2794,1996-2025
2001,6,project_area,213.6448,UCSB-CHG/CHIRPS/DAILY,197.1824,16.4624,8.3488,1996-2025
2001,7,project_area,134.4048,UCSB-CHG/CHIRPS/DAILY,134.9247,-0.5199,-0.3853,1996-2025
2001,8,project_area,19.4601,UCSB-CHG/CHIRPS/DAILY,105.6728,-86.2127,-81.5846,1996-2025
2001,9,project_area,237.9530,UCSB-CHG/CHIRPS/DAILY,115.6745,122.2785,105.7091,1996-2025
2001,10,project_area,364.7176,UCSB-CHG/CHIRPS/DAILY,226.0494,138.6682,61.3442,1996-2025
2001,11,project_area,241.1708,UCSB-CHG/CHIRPS/DAILY,267.4471,-26.2763,-9.8249,1996-2025
2001,12,project_area,285.9545,UCSB-CHG/CHIRPS/DAILY,315.1390,-29.1845,-9.2608,1996-2025
2002,1,project_area,218.6098,UCSB-CHG/CHIRPS/DAILY,263.2860,-44.6762,-16.9687,1996-2025
2002,2,project_area,279.1112,UCSB-CHG/CHIRPS/DAILY,265.4516,13.6596,5.1458,1996-2025
2002,3,project_area,323.3746,UCSB-CHG/CHIRPS/DAILY,321.0672,2.3074,0.7187,1996-2025
2002,4,project_area,320.2684,UCSB-CHG/CHIRPS/DAILY,295.8380,24.4304,8.2580,1996-2025
2002,5,project_area,149.2083,UCSB-CHG/CHIRPS/DAILY,247.3949,-98.1866,-39.6882,1996-2025
2002,6,project_area,254.4784,UCSB-CHG/CHIRPS/DAILY,197.1824,57.2960,29.0574,1996-2025
2002,7,project_area,21.0386,UCSB-CHG/CHIRPS/DAILY,134.9247,-113.8861,-84.4072,1996-2025
2002,8,project_area,15.6000,UCSB-CHG/CHIRPS/DAILY,105.6728,-90.0728,-85.2374,1996-2025
2002,9,project_area,32.8867,UCSB-CHG/CHIRPS/DAILY,115.6745,-82.7878,-71.5696,1996-2025
2002,10,project_area,113.9154,UCSB-CHG/CHIRPS/DAILY,226.0494,-112.1340,-49.6060,1996-2025
2002,11,project_area,242.9886,UCSB-CHG/CHIRPS/DAILY,267.4471,-24.4585,-9.1452,1996-2025
2002,12,project_area,304.4407,UCSB-CHG/CHIRPS/DAILY,315.1390,-10.6983,-3.3948,1996-2025
2003,1,project_area,293.7714,UCSB-CHG/CHIRPS/DAILY,263.2860,30.4854,11.5788,1996-2025
2003,2,project_area,267.4766,UCSB-CHG/CHIRPS/DAILY,265.4516,2.0250,0.7629,1996-2025
2003,3,project_area,224.2165,UCSB-CHG/CHIRPS/DAILY,321.0672,-96.8507,-30.1652,1996-2025
2003,4,project_area,350.3505,UCSB-CHG/CHIRPS/DAILY,295.8380,54.5125,18.4265,1996-2025
2003,5,project_area,118.8333,UCSB-CHG/CHIRPS/DAILY,247.3949,-128.5616,-51.9661,1996-2025
2003,6,project_area,92.8244,UCSB-CHG/CHIRPS/DAILY,197.1824,-104.3580,-52.9246,1996-2025
2003,7,project_area,54.5298,UCSB-CHG/CHIRPS/DAILY,134.9247,-80.3949,-59.5850,1996-2025
2003,8,project_area,55.0775,UCSB-CHG/CHIRPS/DAILY,105.6728,-50.5953,-47.8792,1996-2025
2003,9,project_area,82.8210,UCSB-CHG/CHIRPS/DAILY,115.6745,-32.8535,-28.4017,1996-2025
2003,10,project_area,343.6860,UCSB-CHG/CHIRPS/DAILY,226.0494,117.6366,52.0402,1996-2025
2003,11,project_area,291.0296,UCSB-CHG/CHIRPS/DAILY,267.4471,23.5825,8.8176,1996-2025
2003,12,project_area,446.1911,UCSB-CHG/CHIRPS/DAILY,315.1390,131.0521,41.5855,1996-2025
2004,1,project_area,337.6783,UCSB-CHG/CHIRPS/DAILY,263.2860,74.3923,28.2553,1996-2025
2004,2,project_area,199.7733,UCSB-CHG/CHIRPS/DAILY,265.4516,-65.6783,-24.7421,1996-2025
2004,3,project_area,279.7179,UCSB-CHG/CHIRPS/DAILY,321.0672,-41.3493,-12.8787,1996-2025
2004,4,project_area,293.1833,UCSB-CHG/CHIRPS/DAILY,295.8380,-2.6547,-0.8973,1996-2025
2004,5,project_area,239.0351,UCSB-CHG/CHIRPS/DAILY,247.3949,-8.3598,-3.3791,1996-2025
2004,6,project_area,103.2137,UCSB-CHG/CHIRPS/DAILY,197.1824,-93.9687,-47.6557,1996-2025
2004,7,project_area,172.1311,UCSB-CHG/CHIRPS/DAILY,134.9247,37.2064,27.5757,1996-2025
2004,8,project_area,17.9790,UCSB-CHG/CHIRPS/DAILY,105.6728,-87.6938,-82.9862,1996-2025
2004,9,project_area,98.2121,UCSB-CHG/CHIRPS/DAILY,115.6745,-17.4624,-15.0962,1996-2025
2004,10,project_area,78.3775,UCSB-CHG/CHIRPS/DAILY,226.0494,-147.6719,-65.3273,1996-2025
2004,11,project_area,146.6946,UCSB-CHG/CHIRPS/DAILY,267.4471,-120.7525,-45.1501,1996-2025
2004,12,project_area,308.5430,UCSB-CHG/CHIRPS/DAILY,315.1390,-6.5960,-2.0930,1996-2025
2005,1,project_area,175.0122,UCSB-CHG/CHIRPS/DAILY,263.2860,-88.2738,-33.5277,1996-2025
2005,2,project_area,231.8815,UCSB-CHG/CHIRPS/DAILY,265.4516,-33.5701,-12.6464,1996-2025
2005,3,project_area,287.6110,UCSB-CHG/CHIRPS/DAILY,321.0672,-33.4562,-10.4203,1996-2025
2005,4,project_area,343.3919,UCSB-CHG/CHIRPS/DAILY,295.8380,47.5539,16.0743,1996-2025
2005,5,project_area,109.8604,UCSB-CHG/CHIRPS/DAILY,247.3949,-137.5345,-55.5931,1996-2025
2005,6,project_area,117.1882,UCSB-CHG/CHIRPS/DAILY,197.1824,-79.9942,-40.5686,1996-2025
2005,7,project_area,139.4427,UCSB-CHG/CHIRPS/DAILY,134.9247,4.5180,3.3485,1996-2025
2005,8,project_area,84.1522,UCSB-CHG/CHIRPS/DAILY,105.6728,-21.5206,-20.3653,1996-2025
2005,9,project_area,80.5302,UCSB-CHG/CHIRPS/DAILY,115.6745,-35.1443,-30.3821,1996-2025
2005,10,project_area,283.5537,UCSB-CHG/CHIRPS/DAILY,226.0494,57.5043,25.4388,1996-2025
2005,11,project_area,293.5668,UCSB-CHG/CHIRPS/DAILY,267.4471,26.1197,9.7663,1996-2025
2005,12,project_area,239.2642,UCSB-CHG/CHIRPS/DAILY,315.1390,-75.8748,-24.0766,1996-2025
2006,1,project_area,292.7266,UCSB-CHG/CHIRPS/DAILY,263.2860,29.4406,11.1820,1996-2025
2006,2,project_area,288.5032,UCSB-CHG/CHIRPS/DAILY,265.4516,23.0516,8.6839,1996-2025
2006,3,project_area,346.0187,UCSB-CHG/CHIRPS/DAILY,321.0672,24.9515,7.7714,1996-2025
2006,4,project_area,250.3300,UCSB-CHG/CHIRPS/DAILY,295.8380,-45.5080,-15.3827,1996-2025
2006,5,project_area,280.9475,UCSB-CHG/CHIRPS/DAILY,247.3949,33.5526,13.5624,1996-2025
2006,6,project_area,336.8312,UCSB-CHG/CHIRPS/DAILY,197.1824,139.6488,70.8221,1996-2025
2006,7,project_area,30.1579,UCSB-CHG/CHIRPS/DAILY,134.9247,-104.7668,-77.6483,1996-2025
2006,8,project_area,18.3896,UCSB-CHG/CHIRPS/DAILY,105.6728,-87.2832,-82.5976,1996-2025
2006,9,project_area,48.7561,UCSB-CHG/CHIRPS/DAILY,115.6745,-66.9184,-57.8506,1996-2025
2006,10,project_area,19.7703,UCSB-CHG/CHIRPS/DAILY,226.0494,-206.2791,-91.2540,1996-2025
2006,11,project_area,219.6043,UCSB-CHG/CHIRPS/DAILY,267.4471,-47.8428,-17.8887,1996-2025
2006,12,project_area,369.2483,UCSB-CHG/CHIRPS/DAILY,315.1390,54.1093,17.1700,1996-2025
2007,1,project_area,188.2835,UCSB-CHG/CHIRPS/DAILY,263.2860,-75.0025,-28.4871,1996-2025
2007,2,project_area,266.2666,UCSB-CHG/CHIRPS/DAILY,265.4516,0.8150,0.3070,1996-2025
2007,3,project_area,316.2606,UCSB-CHG/CHIRPS/DAILY,321.0672,-4.8066,-1.4971,1996-2025
2007,4,project_area,336.4511,UCSB-CHG/CHIRPS/DAILY,295.8380,40.6131,13.7282,1996-2025
2007,5,project_area,224.5252,UCSB-CHG/CHIRPS/DAILY,247.3949,-22.8697,-9.2442,1996-2025
2007,6,project_area,276.5554,UCSB-CHG/CHIRPS/DAILY,197.1824,79.3730,40.2536,1996-2025
2007,7,project_area,277.8803,UCSB-CHG/CHIRPS/DAILY,134.9247,142.9556,105.9521,1996-2025
2007,8,project_area,145.6471,UCSB-CHG/CHIRPS/DAILY,105.6728,39.9743,37.8284,1996-2025
2007,9,project_area,72.3046,UCSB-CHG/CHIRPS/DAILY,115.6745,-43.3699,-37.4931,1996-2025
2007,10,project_area,276.1184,UCSB-CHG/CHIRPS/DAILY,226.0494,50.0690,22.1496,1996-2025
2007,11,project_area,192.3096,UCSB-CHG/CHIRPS/DAILY,267.4471,-75.1375,-28.0943,1996-2025
2007,12,project_area,311.5193,UCSB-CHG/CHIRPS/DAILY,315.1390,-3.6197,-1.1486,1996-2025
2008,1,project_area,218.7160,UCSB-CHG/CHIRPS/DAILY,263.2860,-44.5700,-16.9284,1996-2025
2008,2,project_area,298.8507,UCSB-CHG/CHIRPS/DAILY,265.4516,33.3991,12.5820,1996-2025
2008,3,project_area,396.6032,UCSB-CHG/CHIRPS/DAILY,321.0672,75.5360,23.5265,1996-2025
2008,4,project_area,260.3542,UCSB-CHG/CHIRPS/DAILY,295.8380,-35.4838,-11.9943,1996-2025
2008,5,project_area,186.5759,UCSB-CHG/CHIRPS/DAILY,247.3949,-60.8190,-24.5838,1996-2025
2008,6,project_area,208.0978,UCSB-CHG/CHIRPS/DAILY,197.1824,10.9154,5.5357,1996-2025
2008,7,project_area,148.2205,UCSB-CHG/CHIRPS/DAILY,134.9247,13.2958,9.8542,1996-2025
2008,8,project_area,305.7465,UCSB-CHG/CHIRPS/DAILY,105.6728,200.0737,189.3332,1996-2025
2008,9,project_area,155.0036,UCSB-CHG/CHIRPS/DAILY,115.6745,39.3291,33.9998,1996-2025
2008,10,project_area,313.7225,UCSB-CHG/CHIRPS/DAILY,226.0494,87.6731,38.7849,1996-2025
2008,11,project_area,338.3145,UCSB-CHG/CHIRPS/DAILY,267.4471,70.8674,26.4977,1996-2025
2008,12,project_area,371.5394,UCSB-CHG/CHIRPS/DAILY,315.1390,56.4004,17.8970,1996-2025
2009,1,project_area,231.2638,UCSB-CHG/CHIRPS/DAILY,263.2860,-32.0222,-12.1625,1996-2025
2009,2,project_area,258.1305,UCSB-CHG/CHIRPS/DAILY,265.4516,-7.3211,-2.7580,1996-2025
2009,3,project_area,336.3734,UCSB-CHG/CHIRPS/DAILY,321.0672,15.3062,4.7673,1996-2025
2009,4,project_area,272.5881,UCSB-CHG/CHIRPS/DAILY,295.8380,-23.2499,-7.8590,1996-2025
2009,5,project_area,182.5704,UCSB-CHG/CHIRPS/DAILY,247.3949,-64.8245,-26.2028,1996-2025
2009,6,project_area,161.9066,UCSB-CHG/CHIRPS/DAILY,197.1824,-35.2758,-17.8899,1996-2025
2009,7,project_area,79.6633,UCSB-CHG/CHIRPS/DAILY,134.9247,-55.2614,-40.9572,1996-2025
2009,8,project_area,56.1197,UCSB-CHG/CHIRPS/DAILY,105.6728,-49.5531,-46.8930,1996-2025
2009,9,project_area,16.8432,UCSB-CHG/CHIRPS/DAILY,115.6745,-98.8313,-85.4391,1996-2025
2009,10,project_area,236.2240,UCSB-CHG/CHIRPS/DAILY,226.0494,10.1746,4.5011,1996-2025
2009,11,project_area,286.5666,UCSB-CHG/CHIRPS/DAILY,267.4471,19.1195,7.1489,1996-2025
2009,12,project_area,314.7582,UCSB-CHG/CHIRPS/DAILY,315.1390,-0.3808,-0.1208,1996-2025
2010,1,project_area,327.5348,UCSB-CHG/CHIRPS/DAILY,263.2860,64.2488,24.4027,1996-2025
2010,2,project_area,318.9962,UCSB-CHG/CHIRPS/DAILY,265.4516,53.5446,20.1711,1996-2025
2010,3,project_area,356.5629,UCSB-CHG/CHIRPS/DAILY,321.0672,35.4957,11.0555,1996-2025
2010,4,project_area,286.7332,UCSB-CHG/CHIRPS/DAILY,295.8380,-9.1048,-3.0776,1996-2025
2010,5,project_area,381.0592,UCSB-CHG/CHIRPS/DAILY,247.3949,133.6643,54.0287,1996-2025
2010,6,project_area,298.7735,UCSB-CHG/CHIRPS/DAILY,197.1824,101.5911,51.5214,1996-2025
2010,7,project_area,435.3056,UCSB-CHG/CHIRPS/DAILY,134.9247,300.3809,222.6285,1996-2025
2010,8,project_area,365.3217,UCSB-CHG/CHIRPS/DAILY,105.6728,259.6489,245.7102,1996-2025
2010,9,project_area,447.0451,UCSB-CHG/CHIRPS/DAILY,115.6745,331.3706,286.4681,1996-2025
2010,10,project_area,424.9148,UCSB-CHG/CHIRPS/DAILY,226.0494,198.8654,87.9743,1996-2025
2010,11,project_area,350.7586,UCSB-CHG/CHIRPS/DAILY,267.4471,83.3115,31.1506,1996-2025
2010,12,project_area,185.8766,UCSB-CHG/CHIRPS/DAILY,315.1390,-129.2624,-41.0176,1996-2025
2011,1,project_area,288.9518,UCSB-CHG/CHIRPS/DAILY,263.2860,25.6658,9.7483,1996-2025
2011,2,project_area,149.4722,UCSB-CHG/CHIRPS/DAILY,265.4516,-115.9794,-43.6914,1996-2025
2011,3,project_area,329.5378,UCSB-CHG/CHIRPS/DAILY,321.0672,8.4706,2.6383,1996-2025
2011,4,project_area,318.0610,UCSB-CHG/CHIRPS/DAILY,295.8380,22.2230,7.5119,1996-2025
2011,5,project_area,206.4403,UCSB-CHG/CHIRPS/DAILY,247.3949,-40.9546,-16.5543,1996-2025
2011,6,project_area,45.0238,UCSB-CHG/CHIRPS/DAILY,197.1824,-152.1586,-77.1664,1996-2025
2011,7,project_area,94.1873,UCSB-CHG/CHIRPS/DAILY,134.9247,-40.7374,-30.1927,1996-2025
2011,8,project_area,47.5447,UCSB-CHG/CHIRPS/DAILY,105.6728,-58.1281,-55.0076,1996-2025
2011,9,project_area,99.5920,UCSB-CHG/CHIRPS/DAILY,115.6745,-16.0825,-13.9032,1996-2025
2011,10,project_area,347.5719,UCSB-CHG/CHIRPS/DAILY,226.0494,121.5225,53.7593,1996-2025
2011,11,project_area,492.9580,UCSB-CHG/CHIRPS/DAILY,267.4471,225.5109,84.3198,1996-2025
2011,12,project_area,484.6929,UCSB-CHG/CHIRPS/DAILY,315.1390,169.5539,53.8029,1996-2025
2012,1,project_area,198.1116,UCSB-CHG/CHIRPS/DAILY,263.2860,-65.1744,-24.7542,1996-2025
2012,2,project_area,273.3472,UCSB-CHG/CHIRPS/DAILY,265.4516,7.8956,2.9744,1996-2025
2012,3,project_area,260.5521,UCSB-CHG/CHIRPS/DAILY,321.0672,-60.5151,-18.8481,1996-2025
2012,4,project_area,248.1890,UCSB-CHG/CHIRPS/DAILY,295.8380,-47.6490,-16.1065,1996-2025
2012,5,project_area,142.3096,UCSB-CHG/CHIRPS/DAILY,247.3949,-105.0853,-42.4767,1996-2025
2012,6,project_area,133.5247,UCSB-CHG/CHIRPS/DAILY,197.1824,-63.6577,-32.2837,1996-2025
2012,7,project_area,216.7915,UCSB-CHG/CHIRPS/DAILY,134.9247,81.8668,60.6759,1996-2025
2012,8,project_area,58.3775,UCSB-CHG/CHIRPS/DAILY,105.6728,-47.2953,-44.7564,1996-2025
2012,9,project_area,60.6397,UCSB-CHG/CHIRPS/DAILY,115.6745,-55.0348,-47.5773,1996-2025
2012,10,project_area,222.4391,UCSB-CHG/CHIRPS/DAILY,226.0494,-3.6103,-1.5971,1996-2025
2012,11,project_area,243.2004,UCSB-CHG/CHIRPS/DAILY,267.4471,-24.2467,-9.0660,1996-2025
2012,12,project_area,405.6880,UCSB-CHG/CHIRPS/DAILY,315.1390,90.5490,28.7330,1996-2025
2013,1,project_area,238.7241,UCSB-CHG/CHIRPS/DAILY,263.2860,-24.5619,-9.3290,1996-2025
2013,2,project_area,227.7342,UCSB-CHG/CHIRPS/DAILY,265.4516,-37.7174,-14.2088,1996-2025
2013,3,project_area,355.9150,UCSB-CHG/CHIRPS/DAILY,321.0672,34.8478,10.8537,1996-2025
2013,4,project_area,279.0395,UCSB-CHG/CHIRPS/DAILY,295.8380,-16.7985,-5.6783,1996-2025
2013,5,project_area,382.6639,UCSB-CHG/CHIRPS/DAILY,247.3949,135.2690,54.6774,1996-2025
2013,6,project_area,200.8801,UCSB-CHG/CHIRPS/DAILY,197.1824,3.6977,1.8753,1996-2025
2013,7,project_area,237.5306,UCSB-CHG/CHIRPS/DAILY,134.9247,102.6059,76.0468,1996-2025
2013,8,project_area,153.6108,UCSB-CHG/CHIRPS/DAILY,105.6728,47.9380,45.3646,1996-2025
2013,9,project_area,74.4268,UCSB-CHG/CHIRPS/DAILY,115.6745,-41.2477,-35.6584,1996-2025
2013,10,project_area,116.2877,UCSB-CHG/CHIRPS/DAILY,226.0494,-109.7617,-48.5565,1996-2025
2013,11,project_area,229.8645,UCSB-CHG/CHIRPS/DAILY,267.4471,-37.5826,-14.0523,1996-2025
2013,12,project_area,347.5505,UCSB-CHG/CHIRPS/DAILY,315.1390,32.4115,10.2848,1996-2025
2014,1,project_area,200.9570,UCSB-CHG/CHIRPS/DAILY,263.2860,-62.3290,-23.6735,1996-2025
2014,2,project_area,255.5937,UCSB-CHG/CHIRPS/DAILY,265.4516,-9.8579,-3.7136,1996-2025
2014,3,project_area,409.6326,UCSB-CHG/CHIRPS/DAILY,321.0672,88.5654,27.5847,1996-2025
2014,4,project_area,253.2266,UCSB-CHG/CHIRPS/DAILY,295.8380,-42.6114,-14.4036,1996-2025
2014,5,project_area,287.5112,UCSB-CHG/CHIRPS/DAILY,247.3949,40.1163,16.2155,1996-2025
2014,6,project_area,263.5709,UCSB-CHG/CHIRPS/DAILY,197.1824,66.3885,33.6686,1996-2025
2014,7,project_area,51.0738,UCSB-CHG/CHIRPS/DAILY,134.9247,-83.8509,-62.1464,1996-2025
2014,8,project_area,101.8851,UCSB-CHG/CHIRPS/DAILY,105.6728,-3.7877,-3.5844,1996-2025
2014,9,project_area,29.1881,UCSB-CHG/CHIRPS/DAILY,115.6745,-86.4864,-74.7670,1996-2025
2014,10,project_area,52.9923,UCSB-CHG/CHIRPS/DAILY,226.0494,-173.0571,-76.5572,1996-2025
2014,11,project_area,249.6807,UCSB-CHG/CHIRPS/DAILY,267.4471,-17.7664,-6.6430,1996-2025
2014,12,project_area,312.4625,UCSB-CHG/CHIRPS/DAILY,315.1390,-2.6765,-0.8493,1996-2025
2015,1,project_area,237.0357,UCSB-CHG/CHIRPS/DAILY,263.2860,-26.2503,-9.9703,1996-2025
2015,2,project_area,374.6814,UCSB-CHG/CHIRPS/DAILY,265.4516,109.2298,41.1487,1996-2025
2015,3,project_area,286.5657,UCSB-CHG/CHIRPS/DAILY,321.0672,-34.5015,-10.7459,1996-2025
2015,4,project_area,362.1615,UCSB-CHG/CHIRPS/DAILY,295.8380,66.3235,22.4189,1996-2025
2015,5,project_area,249.0453,UCSB-CHG/CHIRPS/DAILY,247.3949,1.6504,0.6671,1996-2025
2015,6,project_area,127.9717,UCSB-CHG/CHIRPS/DAILY,197.1824,-69.2107,-35.0998,1996-2025
2015,7,project_area,25.6262,UCSB-CHG/CHIRPS/DAILY,134.9247,-109.2985,-81.0070,1996-2025
2015,8,project_area,17.2411,UCSB-CHG/CHIRPS/DAILY,105.6728,-88.4317,-83.6844,1996-2025
2015,9,project_area,17.8128,UCSB-CHG/CHIRPS/DAILY,115.6745,-97.8617,-84.6009,1996-2025
2015,10,project_area,40.4829,UCSB-CHG/CHIRPS/DAILY,226.0494,-185.5665,-82.0911,1996-2025
2015,11,project_area,161.3004,UCSB-CHG/CHIRPS/DAILY,267.4471,-106.1467,-39.6889,1996-2025
2015,12,project_area,469.1352,UCSB-CHG/CHIRPS/DAILY,315.1390,153.9962,48.8661,1996-2025
2016,1,project_area,317.2561,UCSB-CHG/CHIRPS/DAILY,263.2860,53.9701,20.4987,1996-2025
2016,2,project_area,309.7522,UCSB-CHG/CHIRPS/DAILY,265.4516,44.3006,16.6888,1996-2025
2016,3,project_area,330.4993,UCSB-CHG/CHIRPS/DAILY,321.0672,9.4321,2.9377,1996-2025
2016,4,project_area,285.6956,UCSB-CHG/CHIRPS/DAILY,295.8380,-10.1424,-3.4284,1996-2025
2016,5,project_area,451.8140,UCSB-CHG/CHIRPS/DAILY,247.3949,204.4191,82.6287,1996-2025
2016,6,project_area,235.7624,UCSB-CHG/CHIRPS/DAILY,197.1824,38.5800,19.5656,1996-2025
2016,7,project_area,212.6807,UCSB-CHG/CHIRPS/DAILY,134.9247,77.7560,57.6292,1996-2025
2016,8,project_area,100.7651,UCSB-CHG/CHIRPS/DAILY,105.6728,-4.9077,-4.6442,1996-2025
2016,9,project_area,236.5058,UCSB-CHG/CHIRPS/DAILY,115.6745,120.8313,104.4580,1996-2025
2016,10,project_area,399.0912,UCSB-CHG/CHIRPS/DAILY,226.0494,173.0418,76.5504,1996-2025
2016,11,project_area,280.7352,UCSB-CHG/CHIRPS/DAILY,267.4471,13.2881,4.9685,1996-2025
2016,12,project_area,280.4534,UCSB-CHG/CHIRPS/DAILY,315.1390,-34.6856,-11.0064,1996-2025
2017,1,project_area,305.2798,UCSB-CHG/CHIRPS/DAILY,263.2860,41.9938,15.9499,1996-2025
2017,2,project_area,316.6990,UCSB-CHG/CHIRPS/DAILY,265.4516,51.2474,19.3057,1996-2025
2017,3,project_area,265.8671,UCSB-CHG/CHIRPS/DAILY,321.0672,-55.2001,-17.1927,1996-2025
2017,4,project_area,299.5636,UCSB-CHG/CHIRPS/DAILY,295.8380,3.7256,1.2593,1996-2025
2017,5,project_area,303.2643,UCSB-CHG/CHIRPS/DAILY,247.3949,55.8694,22.5831,1996-2025
2017,6,project_area,250.0158,UCSB-CHG/CHIRPS/DAILY,197.1824,52.8334,26.7942,1996-2025
2017,7,project_area,158.8171,UCSB-CHG/CHIRPS/DAILY,134.9247,23.8924,17.7080,1996-2025
2017,8,project_area,156.2847,UCSB-CHG/CHIRPS/DAILY,105.6728,50.6119,47.8949,1996-2025
2017,9,project_area,137.6811,UCSB-CHG/CHIRPS/DAILY,115.6745,22.0066,19.0246,1996-2025
2017,10,project_area,201.8409,UCSB-CHG/CHIRPS/DAILY,226.0494,-24.2085,-10.7094,1996-2025
2017,11,project_area,313.9414,UCSB-CHG/CHIRPS/DAILY,267.4471,46.4943,17.3845,1996-2025
2017,12,project_area,260.0576,UCSB-CHG/CHIRPS/DAILY,315.1390,-55.0814,-17.4784,1996-2025
2018,1,project_area,224.4194,UCSB-CHG/CHIRPS/DAILY,263.2860,-38.8666,-14.7621,1996-2025
2018,2,project_area,307.5322,UCSB-CHG/CHIRPS/DAILY,265.4516,42.0806,15.8525,1996-2025
2018,3,project_area,299.7877,UCSB-CHG/CHIRPS/DAILY,321.0672,-21.2795,-6.6277,1996-2025
2018,4,project_area,289.3965,UCSB-CHG/CHIRPS/DAILY,295.8380,-6.4415,-2.1774,1996-2025
2018,5,project_area,413.0924,UCSB-CHG/CHIRPS/DAILY,247.3949,165.6975,66.9769,1996-2025
2018,6,project_area,189.1823,UCSB-CHG/CHIRPS/DAILY,197.1824,-8.0001,-4.0572,1996-2025
2018,7,project_area,45.2845,UCSB-CHG/CHIRPS/DAILY,134.9247,-89.6402,-66.4372,1996-2025
2018,8,project_area,58.9940,UCSB-CHG/CHIRPS/DAILY,105.6728,-46.6788,-44.1730,1996-2025
2018,9,project_area,85.1945,UCSB-CHG/CHIRPS/DAILY,115.6745,-30.4800,-26.3498,1996-2025
2018,10,project_area,156.7462,UCSB-CHG/CHIRPS/DAILY,226.0494,-69.3032,-30.6584,1996-2025
2018,11,project_area,240.1387,UCSB-CHG/CHIRPS/DAILY,267.4471,-27.3084,-10.2108,1996-2025
2018,12,project_area,307.6037,UCSB-CHG/CHIRPS/DAILY,315.1390,-7.5353,-2.3911,1996-2025
2019,1,project_area,295.0726,UCSB-CHG/CHIRPS/DAILY,263.2860,31.7866,12.0730,1996-2025
2019,2,project_area,346.8090,UCSB-CHG/CHIRPS/DAILY,265.4516,81.3574,30.6487,1996-2025
2019,3,project_area,232.8485,UCSB-CHG/CHIRPS/DAILY,321.0672,-88.2187,-27.4767,1996-2025
2019,4,project_area,375.3281,UCSB-CHG/CHIRPS/DAILY,295.8380,79.4901,26.8695,1996-2025
2019,5,project_area,187.2716,UCSB-CHG/CHIRPS/DAILY,247.3949,-60.1233,-24.3026,1996-2025
2019,6,project_area,171.5362,UCSB-CHG/CHIRPS/DAILY,197.1824,-25.6462,-13.0063,1996-2025
2019,7,project_area,8.1593,UCSB-CHG/CHIRPS/DAILY,134.9247,-126.7654,-93.9527,1996-2025
2019,8,project_area,27.5674,UCSB-CHG/CHIRPS/DAILY,105.6728,-78.1054,-73.9125,1996-2025
2019,9,project_area,28.7784,UCSB-CHG/CHIRPS/DAILY,115.6745,-86.8961,-75.1212,1996-2025
2019,10,project_area,143.5197,UCSB-CHG/CHIRPS/DAILY,226.0494,-82.5297,-36.5096,1996-2025
2019,11,project_area,206.8200,UCSB-CHG/CHIRPS/DAILY,267.4471,-60.6271,-22.6688,1996-2025
2019,12,project_area,232.7432,UCSB-CHG/CHIRPS/DAILY,315.1390,-82.3958,-26.1459,1996-2025
2020,1,project_area,329.5655,UCSB-CHG/CHIRPS/DAILY,263.2860,66.2795,25.1740,1996-2025
2020,2,project_area,278.2714,UCSB-CHG/CHIRPS/DAILY,265.4516,12.8198,4.8294,1996-2025
2020,3,project_area,375.3814,UCSB-CHG/CHIRPS/DAILY,321.0672,54.3142,16.9168,1996-2025
2020,4,project_area,461.2927,UCSB-CHG/CHIRPS/DAILY,295.8380,165.4547,55.9275,1996-2025
2020,5,project_area,344.2048,UCSB-CHG/CHIRPS/DAILY,247.3949,96.8099,39.1317,1996-2025
2020,6,project_area,183.2181,UCSB-CHG/CHIRPS/DAILY,197.1824,-13.9643,-7.0819,1996-2025
2020,7,project_area,280.3843,UCSB-CHG/CHIRPS/DAILY,134.9247,145.4596,107.8080,1996-2025
2020,8,project_area,91.7366,UCSB-CHG/CHIRPS/DAILY,105.6728,-13.9362,-13.1881,1996-2025
2020,9,project_area,187.9644,UCSB-CHG/CHIRPS/DAILY,115.6745,72.2899,62.4942,1996-2025
2020,10,project_area,245.9769,UCSB-CHG/CHIRPS/DAILY,226.0494,19.9275,8.8156,1996-2025
2020,11,project_area,340.2114,UCSB-CHG/CHIRPS/DAILY,267.4471,72.7643,27.2070,1996-2025
2020,12,project_area,244.3233,UCSB-CHG/CHIRPS/DAILY,315.1390,-70.8157,-22.4713,1996-2025
2021,1,project_area,326.2174,UCSB-CHG/CHIRPS/DAILY,263.2860,62.9314,23.9023,1996-2025
2021,2,project_area,644.8529,UCSB-CHG/CHIRPS/DAILY,265.4516,379.4013,142.9267,1996-2025
2021,3,project_area,284.7139,UCSB-CHG/CHIRPS/DAILY,321.0672,-36.3533,-11.3226,1996-2025
2021,4,project_area,168.3410,UCSB-CHG/CHIRPS/DAILY,295.8380,-127.4970,-43.0969,1996-2025
2021,5,project_area,283.3173,UCSB-CHG/CHIRPS/DAILY,247.3949,35.9224,14.5203,1996-2025
2021,6,project_area,309.8726,UCSB-CHG/CHIRPS/DAILY,197.1824,112.6902,57.1502,1996-2025
2021,7,project_area,164.8909,UCSB-CHG/CHIRPS/DAILY,134.9247,29.9662,22.2096,1996-2025
2021,8,project_area,307.9589,UCSB-CHG/CHIRPS/DAILY,105.6728,202.2861,191.4268,1996-2025
2021,9,project_area,294.0110,UCSB-CHG/CHIRPS/DAILY,115.6745,178.3365,154.1710,1996-2025
2021,10,project_area,351.4724,UCSB-CHG/CHIRPS/DAILY,226.0494,125.4230,55.4848,1996-2025
2021,11,project_area,284.4494,UCSB-CHG/CHIRPS/DAILY,267.4471,17.0023,6.3573,1996-2025
2021,12,project_area,279.3335,UCSB-CHG/CHIRPS/DAILY,315.1390,-35.8055,-11.3618,1996-2025
2022,1,project_area,268.3251,UCSB-CHG/CHIRPS/DAILY,263.2860,5.0391,1.9139,1996-2025
2022,2,project_area,299.1383,UCSB-CHG/CHIRPS/DAILY,265.4516,33.6867,12.6903,1996-2025
2022,3,project_area,318.7423,UCSB-CHG/CHIRPS/DAILY,321.0672,-2.3249,-0.7241,1996-2025
2022,4,project_area,228.3571,UCSB-CHG/CHIRPS/DAILY,295.8380,-67.4809,-22.8101,1996-2025
2022,5,project_area,271.5357,UCSB-CHG/CHIRPS/DAILY,247.3949,24.1408,9.7580,1996-2025
2022,6,project_area,391.5875,UCSB-CHG/CHIRPS/DAILY,197.1824,194.4051,98.5915,1996-2025
2022,7,project_area,317.2116,UCSB-CHG/CHIRPS/DAILY,134.9247,182.2869,135.1027,1996-2025
2022,8,project_area,261.9046,UCSB-CHG/CHIRPS/DAILY,105.6728,156.2318,147.8449,1996-2025
2022,9,project_area,306.7513,UCSB-CHG/CHIRPS/DAILY,115.6745,191.0768,165.1849,1996-2025
2022,10,project_area,319.8249,UCSB-CHG/CHIRPS/DAILY,226.0494,93.7755,41.4845,1996-2025
2022,11,project_area,278.5239,UCSB-CHG/CHIRPS/DAILY,267.4471,11.0768,4.1417,1996-2025
2022,12,project_area,277.6621,UCSB-CHG/CHIRPS/DAILY,315.1390,-37.4769,-11.8922,1996-2025
2023,1,project_area,234.0273,UCSB-CHG/CHIRPS/DAILY,263.2860,-29.2587,-11.1129,1996-2025
2023,2,project_area,315.5686,UCSB-CHG/CHIRPS/DAILY,265.4516,50.1170,18.8799,1996-2025
2023,3,project_area,355.9094,UCSB-CHG/CHIRPS/DAILY,321.0672,34.8422,10.8520,1996-2025
2023,4,project_area,273.8650,UCSB-CHG/CHIRPS/DAILY,295.8380,-21.9730,-7.4274,1996-2025
2023,5,project_area,149.5554,UCSB-CHG/CHIRPS/DAILY,247.3949,-97.8395,-39.5479,1996-2025
2023,6,project_area,151.8873,UCSB-CHG/CHIRPS/DAILY,197.1824,-45.2951,-22.9712,1996-2025
2023,7,project_area,245.5902,UCSB-CHG/CHIRPS/DAILY,134.9247,110.6655,82.0202,1996-2025
2023,8,project_area,24.0834,UCSB-CHG/CHIRPS/DAILY,105.6728,-81.5894,-77.2095,1996-2025
2023,9,project_area,43.0333,UCSB-CHG/CHIRPS/DAILY,115.6745,-72.6412,-62.7979,1996-2025
2023,10,project_area,107.9263,UCSB-CHG/CHIRPS/DAILY,226.0494,-118.1231,-52.2554,1996-2025
2023,11,project_area,275.7349,UCSB-CHG/CHIRPS/DAILY,267.4471,8.2878,3.0989,1996-2025
2023,12,project_area,249.2223,UCSB-CHG/CHIRPS/DAILY,315.1390,-65.9167,-20.9167,1996-2025
2024,1,project_area,423.5165,UCSB-CHG/CHIRPS/DAILY,263.2860,160.2305,60.8580,1996-2025
2024,2,project_area,225.9740,UCSB-CHG/CHIRPS/DAILY,265.4516,-39.4776,-14.8719,1996-2025
2024,3,project_area,314.8293,UCSB-CHG/CHIRPS/DAILY,321.0672,-6.2379,-1.9429,1996-2025
2024,4,project_area,328.5519,UCSB-CHG/CHIRPS/DAILY,295.8380,32.7139,11.0580,1996-2025
2024,5,project_area,273.6027,UCSB-CHG/CHIRPS/DAILY,247.3949,26.2078,10.5935,1996-2025
2024,6,project_area,213.6234,UCSB-CHG/CHIRPS/DAILY,197.1824,16.4410,8.3380,1996-2025
2024,7,project_area,176.0857,UCSB-CHG/CHIRPS/DAILY,134.9247,41.1610,30.5066,1996-2025
2024,8,project_area,127.2513,UCSB-CHG/CHIRPS/DAILY,105.6728,21.5785,20.4201,1996-2025
2024,9,project_area,176.0848,UCSB-CHG/CHIRPS/DAILY,115.6745,60.4103,52.2244,1996-2025
2024,10,project_area,176.1979,UCSB-CHG/CHIRPS/DAILY,226.0494,-49.8515,-22.0534,1996-2025
2024,11,project_area,263.9075,UCSB-CHG/CHIRPS/DAILY,267.4471,-3.5396,-1.3235,1996-2025
2024,12,project_area,318.6037,UCSB-CHG/CHIRPS/DAILY,315.1390,3.4647,1.0994,1996-2025
2025,1,project_area,359.1102,UCSB-CHG/CHIRPS/DAILY,263.2860,95.8242,36.3955,1996-2025
2025,2,project_area,348.0825,UCSB-CHG/CHIRPS/DAILY,265.4516,82.6309,31.1284,1996-2025
2025,3,project_area,376.0921,UCSB-CHG/CHIRPS/DAILY,321.0672,55.0249,17.1381,1996-2025
2025,4,project_area,260.6585,UCSB-CHG/CHIRPS/DAILY,295.8380,-35.1795,-11.8915,1996-2025
2025,5,project_area,354.2945,UCSB-CHG/CHIRPS/DAILY,247.3949,106.8996,43.2101,1996-2025
2025,6,project_area,230.3382,UCSB-CHG/CHIRPS/DAILY,197.1824,33.1558,16.8148,1996-2025
2025,7,project_area,79.3736,UCSB-CHG/CHIRPS/DAILY,134.9247,-55.5511,-41.1719,1996-2025
2025,8,project_area,366.7799,UCSB-CHG/CHIRPS/DAILY,105.6728,261.1071,247.0902,1996-2025
2025,9,project_area,290.5039,UCSB-CHG/CHIRPS/DAILY,115.6745,174.8294,151.1391,1996-2025
2025,10,project_area,302.9828,UCSB-CHG/CHIRPS/DAILY,226.0494,76.9334,34.0339,1996-2025
2025,11,project_area,341.2799,UCSB-CHG/CHIRPS/DAILY,267.4471,73.8328,27.6065,1996-2025
2025,12,project_area,324.0910,UCSB-CHG/CHIRPS/DAILY,315.1390,8.9520,2.8407,1996-2025
