year,month,scope,rainfall_mm,source
1981,1,carbon_project_zone,86.6252,UCSB-CHG/CHIRPS/DAILY
1981,2,carbon_project_zone,240.0262,UCSB-CHG/CHIRPS/DAILY
1981,3,carbon_project_zone,339.8964,UCSB-CHG/CHIRPS/DAILY
1981,4,carbon_project_zone,268.4624,UCSB-CHG/CHIRPS/DAILY
1981,5,carbon_project_zone,326.7621,UCSB-CHG/CHIRPS/DAILY
1981,6,carbon_project_zone,130.1461,UCSB-CHG/CHIRPS/DAILY
1981,7,carbon_project_zone,245.4845,UCSB-CHG/CHIRPS/DAILY
1981,8,carbon_project_zone,54.1457,UCSB-CHG/CHIRPS/DAILY
1981,9,carbon_project_zone,172.3431,UCSB-CHG/CHIRPS/DAILY
1981,10,carbon_project_zone,212.5941,UCSB-CHG/CHIRPS/DAILY
1981,11,carbon_project_zone,210.3921,UCSB-CHG/CHIRPS/DAILY
1981,12,carbon_project_zone,230.1593,UCSB-CHG/CHIRPS/DAILY
1982,1,carbon_project_zone,300.8924,UCSB-CHG/CHIRPS/DAILY
1982,2,carbon_project_zone,259.5365,UCSB-CHG/CHIRPS/DAILY
1982,3,carbon_project_zone,325.2548,UCSB-CHG/CHIRPS/DAILY
1982,4,carbon_project_zone,228.9491,UCSB-CHG/CHIRPS/DAILY
1982,5,carbon_project_zone,179.1610,UCSB-CHG/CHIRPS/DAILY
1982,6,carbon_project_zone,51.6218,UCSB-CHG/CHIRPS/DAILY
1982,7,carbon_project_zone,48.5868,UCSB-CHG/CHIRPS/DAILY
1982,8,carbon_project_zone,22.3853,UCSB-CHG/CHIRPS/DAILY
1982,9,carbon_project_zone,19.5604,UCSB-CHG/CHIRPS/DAILY
1982,10,carbon_project_zone,99.5105,UCSB-CHG/CHIRPS/DAILY
1982,11,carbon_project_zone,173.7977,UCSB-CHG/CHIRPS/DAILY
1982,12,carbon_project_zone,261.8208,UCSB-CHG/CHIRPS/DAILY
1983,1,carbon_project_zone,241.6850,UCSB-CHG/CHIRPS/DAILY
1983,2,carbon_project_zone,328.4349,UCSB-CHG/CHIRPS/DAILY
1983,3,carbon_project_zone,343.6745,UCSB-CHG/CHIRPS/DAILY
1983,4,carbon_project_zone,208.5895,UCSB-CHG/CHIRPS/DAILY
1983,5,carbon_project_zone,498.6719,UCSB-CHG/CHIRPS/DAILY
1983,6,carbon_project_zone,165.4780,UCSB-CHG/CHIRPS/DAILY
1983,7,carbon_project_zone,152.3270,UCSB-CHG/CHIRPS/DAILY
1983,8,carbon_project_zone,109.1603,UCSB-CHG/CHIRPS/DAILY
1983,9,carbon_project_zone,116.1471,UCSB-CHG/CHIRPS/DAILY
1983,10,carbon_project_zone,278.1726,UCSB-CHG/CHIRPS/DAILY
1983,11,carbon_project_zone,227.7793,UCSB-CHG/CHIRPS/DAILY
1983,12,carbon_project_zone,278.2190,UCSB-CHG/CHIRPS/DAILY
1984,1,carbon_project_zone,286.2621,UCSB-CHG/CHIRPS/DAILY
1984,2,carbon_project_zone,206.0134,UCSB-CHG/CHIRPS/DAILY
1984,3,carbon_project_zone,366.0723,UCSB-CHG/CHIRPS/DAILY
1984,4,carbon_project_zone,306.3424,UCSB-CHG/CHIRPS/DAILY
1984,5,carbon_project_zone,282.7475,UCSB-CHG/CHIRPS/DAILY
1984,6,carbon_project_zone,57.5201,UCSB-CHG/CHIRPS/DAILY
1984,7,carbon_project_zone,300.5773,UCSB-CHG/CHIRPS/DAILY
1984,8,carbon_project_zone,60.6868,UCSB-CHG/CHIRPS/DAILY
1984,9,carbon_project_zone,254.3847,UCSB-CHG/CHIRPS/DAILY
1984,10,carbon_project_zone,170.6115,UCSB-CHG/CHIRPS/DAILY
1984,11,carbon_project_zone,291.0768,UCSB-CHG/CHIRPS/DAILY
1984,12,carbon_project_zone,327.0074,UCSB-CHG/CHIRPS/DAILY
1985,1,carbon_project_zone,314.2776,UCSB-CHG/CHIRPS/DAILY
1985,2,carbon_project_zone,238.5185,UCSB-CHG/CHIRPS/DAILY
1985,3,carbon_project_zone,293.1014,UCSB-CHG/CHIRPS/DAILY
1985,4,carbon_project_zone,268.3803,UCSB-CHG/CHIRPS/DAILY
1985,5,carbon_project_zone,312.1628,UCSB-CHG/CHIRPS/DAILY
1985,6,carbon_project_zone,199.5804,UCSB-CHG/CHIRPS/DAILY
1985,7,carbon_project_zone,461.1595,UCSB-CHG/CHIRPS/DAILY
1985,8,carbon_project_zone,91.8885,UCSB-CHG/CHIRPS/DAILY
1985,9,carbon_project_zone,148.3954,UCSB-CHG/CHIRPS/DAILY
1985,10,carbon_project_zone,167.9203,UCSB-CHG/CHIRPS/DAILY
1985,11,carbon_project_zone,318.5048,UCSB-CHG/CHIRPS/DAILY
1985,12,carbon_project_zone,271.2362,UCSB-CHG/CHIRPS/DAILY
1986,1,carbon_project_zone,220.5129,UCSB-CHG/CHIRPS/DAILY
1986,2,carbon_project_zone,229.1606,UCSB-CHG/CHIRPS/DAILY
1986,3,carbon_project_zone,459.1045,UCSB-CHG/CHIRPS/DAILY
1986,4,carbon_project_zone,392.6505,UCSB-CHG/CHIRPS/DAILY
1986,5,carbon_project_zone,211.9340,UCSB-CHG/CHIRPS/DAILY
1986,6,carbon_project_zone,301.2764,UCSB-CHG/CHIRPS/DAILY
1986,7,carbon_project_zone,167.9293,UCSB-CHG/CHIRPS/DAILY
1986,8,carbon_project_zone,57.1550,UCSB-CHG/CHIRPS/DAILY
1986,9,carbon_project_zone,153.1406,UCSB-CHG/CHIRPS/DAILY
1986,10,carbon_project_zone,412.3000,UCSB-CHG/CHIRPS/DAILY
1986,11,carbon_project_zone,271.1671,UCSB-CHG/CHIRPS/DAILY
1986,12,carbon_project_zone,191.1389,UCSB-CHG/CHIRPS/DAILY
1987,1,carbon_project_zone,318.8536,UCSB-CHG/CHIRPS/DAILY
1987,2,carbon_project_zone,278.4757,UCSB-CHG/CHIRPS/DAILY
1987,3,carbon_project_zone,294.6798,UCSB-CHG/CHIRPS/DAILY
1987,4,carbon_project_zone,271.4341,UCSB-CHG/CHIRPS/DAILY
1987,5,carbon_project_zone,281.6799,UCSB-CHG/CHIRPS/DAILY
1987,6,carbon_project_zone,138.1059,UCSB-CHG/CHIRPS/DAILY
1987,7,carbon_project_zone,43.9731,UCSB-CHG/CHIRPS/DAILY
1987,8,carbon_project_zone,70.6227,UCSB-CHG/CHIRPS/DAILY
1987,9,carbon_project_zone,74.7927,UCSB-CHG/CHIRPS/DAILY
1987,10,carbon_project_zone,66.0206,UCSB-CHG/CHIRPS/DAILY
1987,11,carbon_project_zone,241.7277,UCSB-CHG/CHIRPS/DAILY
1987,12,carbon_project_zone,294.7810,UCSB-CHG/CHIRPS/DAILY
1988,1,carbon_project_zone,262.8892,UCSB-CHG/CHIRPS/DAILY
1988,2,carbon_project_zone,263.7874,UCSB-CHG/CHIRPS/DAILY
1988,3,carbon_project_zone,378.5973,UCSB-CHG/CHIRPS/DAILY
1988,4,carbon_project_zone,278.3986,UCSB-CHG/CHIRPS/DAILY
1988,5,carbon_project_zone,305.3972,UCSB-CHG/CHIRPS/DAILY
1988,6,carbon_project_zone,197.1971,UCSB-CHG/CHIRPS/DAILY
1988,7,carbon_project_zone,106.5940,UCSB-CHG/CHIRPS/DAILY
1988,8,carbon_project_zone,329.7004,UCSB-CHG/CHIRPS/DAILY
1988,9,carbon_project_zone,290.4556,UCSB-CHG/CHIRPS/DAILY
1988,10,carbon_project_zone,319.2489,UCSB-CHG/CHIRPS/DAILY
1988,11,carbon_project_zone,263.9717,UCSB-CHG/CHIRPS/DAILY
1988,12,carbon_project_zone,362.1435,UCSB-CHG/CHIRPS/DAILY
1989,1,carbon_project_zone,313.6581,UCSB-CHG/CHIRPS/DAILY
1989,2,carbon_project_zone,267.8720,UCSB-CHG/CHIRPS/DAILY
1989,3,carbon_project_zone,305.2982,UCSB-CHG/CHIRPS/DAILY
1989,4,carbon_project_zone,201.6564,UCSB-CHG/CHIRPS/DAILY
1989,5,carbon_project_zone,297.4712,UCSB-CHG/CHIRPS/DAILY
1989,6,carbon_project_zone,145.3935,UCSB-CHG/CHIRPS/DAILY
1989,7,carbon_project_zone,205.9490,UCSB-CHG/CHIRPS/DAILY
1989,8,carbon_project_zone,208.5172,UCSB-CHG/CHIRPS/DAILY
1989,9,carbon_project_zone,238.7585,UCSB-CHG/CHIRPS/DAILY
1989,10,carbon_project_zone,299.3446,UCSB-CHG/CHIRPS/DAILY
1989,11,carbon_project_zone,279.4927,UCSB-CHG/CHIRPS/DAILY
1989,12,carbon_project_zone,197.4133,UCSB-CHG/CHIRPS/DAILY
1990,1,carbon_project_zone,230.5275,UCSB-CHG/CHIRPS/DAILY
1990,2,carbon_project_zone,248.6101,UCSB-CHG/CHIRPS/DAILY
1990,3,carbon_project_zone,320.7652,UCSB-CHG/CHIRPS/DAILY
1990,4,carbon_project_zone,237.5180,UCSB-CHG/CHIRPS/DAILY
1990,5,carbon_project_zone,237.6416,UCSB-CHG/CHIRPS/DAILY
1990,6,carbon_project_zone,125.0315,UCSB-CHG/CHIRPS/DAILY
1990,7,carbon_project_zone,191.4430,UCSB-CHG/CHIRPS/DAILY
1990,8,carbon_project_zone,74.4541,UCSB-CHG/CHIRPS/DAILY
1990,9,carbon_project_zone,56.7400,UCSB-CHG/CHIRPS/DAILY
1990,10,carbon_project_zone,184.7407,UCSB-CHG/CHIRPS/DAILY
1990,11,carbon_project_zone,111.1759,UCSB-CHG/CHIRPS/DAILY
1990,12,carbon_project_zone,358.6870,UCSB-CHG/CHIRPS/DAILY
1991,1,carbon_project_zone,339.2177,UCSB-CHG/CHIRPS/DAILY
1991,2,carbon_project_zone,268.8187,UCSB-CHG/CHIRPS/DAILY
1991,3,carbon_project_zone,396.6450,UCSB-CHG/CHIRPS/DAILY
1991,4,carbon_project_zone,242.0300,UCSB-CHG/CHIRPS/DAILY
1991,5,carbon_project_zone,240.5742,UCSB-CHG/CHIRPS/DAILY
1991,6,carbon_project_zone,69.2012,UCSB-CHG/CHIRPS/DAILY
1991,7,carbon_project_zone,21.4038,UCSB-CHG/CHIRPS/DAILY
1991,8,carbon_project_zone,22.7559,UCSB-CHG/CHIRPS/DAILY
1991,9,carbon_project_zone,27.5915,UCSB-CHG/CHIRPS/DAILY
1991,10,carbon_project_zone,77.0827,UCSB-CHG/CHIRPS/DAILY
1991,11,carbon_project_zone,246.3126,UCSB-CHG/CHIRPS/DAILY
1991,12,carbon_project_zone,360.4418,UCSB-CHG/CHIRPS/DAILY
1992,1,carbon_project_zone,260.8675,UCSB-CHG/CHIRPS/DAILY
1992,2,carbon_project_zone,291.4615,UCSB-CHG/CHIRPS/DAILY
1992,3,carbon_project_zone,403.8720,UCSB-CHG/CHIRPS/DAILY
1992,4,carbon_project_zone,269.7052,UCSB-CHG/CHIRPS/DAILY
1992,5,carbon_project_zone,269.6587,UCSB-CHG/CHIRPS/DAILY
1992,6,carbon_project_zone,114.5177,UCSB-CHG/CHIRPS/DAILY
1992,7,carbon_project_zone,146.9911,UCSB-CHG/CHIRPS/DAILY
1992,8,carbon_project_zone,104.6280,UCSB-CHG/CHIRPS/DAILY
1992,9,carbon_project_zone,235.0770,UCSB-CHG/CHIRPS/DAILY
1992,10,carbon_project_zone,268.8532,UCSB-CHG/CHIRPS/DAILY
1992,11,carbon_project_zone,289.6928,UCSB-CHG/CHIRPS/DAILY
1992,12,carbon_project_zone,306.8176,UCSB-CHG/CHIRPS/DAILY
1993,1,carbon_project_zone,196.2985,UCSB-CHG/CHIRPS/DAILY
1993,2,carbon_project_zone,231.1254,UCSB-CHG/CHIRPS/DAILY
1993,3,carbon_project_zone,349.8669,UCSB-CHG/CHIRPS/DAILY
1993,4,carbon_project_zone,286.7959,UCSB-CHG/CHIRPS/DAILY
1993,5,carbon_project_zone,418.9390,UCSB-CHG/CHIRPS/DAILY
1993,6,carbon_project_zone,282.7874,UCSB-CHG/CHIRPS/DAILY
1993,7,carbon_project_zone,98.4862,UCSB-CHG/CHIRPS/DAILY
1993,8,carbon_project_zone,47.7335,UCSB-CHG/CHIRPS/DAILY
1993,9,carbon_project_zone,125.9697,UCSB-CHG/CHIRPS/DAILY
1993,10,carbon_project_zone,196.9700,UCSB-CHG/CHIRPS/DAILY
1993,11,carbon_project_zone,300.8232,UCSB-CHG/CHIRPS/DAILY
1993,12,carbon_project_zone,237.3148,UCSB-CHG/CHIRPS/DAILY
1994,1,carbon_project_zone,272.2002,UCSB-CHG/CHIRPS/DAILY
1994,2,carbon_project_zone,269.6913,UCSB-CHG/CHIRPS/DAILY
1994,3,carbon_project_zone,413.1979,UCSB-CHG/CHIRPS/DAILY
1994,4,carbon_project_zone,262.5776,UCSB-CHG/CHIRPS/DAILY
1994,5,carbon_project_zone,124.6847,UCSB-CHG/CHIRPS/DAILY
1994,6,carbon_project_zone,224.8276,UCSB-CHG/CHIRPS/DAILY
1994,7,carbon_project_zone,18.4168,UCSB-CHG/CHIRPS/DAILY
1994,8,carbon_project_zone,92.6501,UCSB-CHG/CHIRPS/DAILY
1994,9,carbon_project_zone,12.8569,UCSB-CHG/CHIRPS/DAILY
1994,10,carbon_project_zone,158.5383,UCSB-CHG/CHIRPS/DAILY
1994,11,carbon_project_zone,251.4053,UCSB-CHG/CHIRPS/DAILY
1994,12,carbon_project_zone,291.9863,UCSB-CHG/CHIRPS/DAILY
1995,1,carbon_project_zone,321.4665,UCSB-CHG/CHIRPS/DAILY
1995,2,carbon_project_zone,249.7345,UCSB-CHG/CHIRPS/DAILY
1995,3,carbon_project_zone,311.7685,UCSB-CHG/CHIRPS/DAILY
1995,4,carbon_project_zone,261.8591,UCSB-CHG/CHIRPS/DAILY
1995,5,carbon_project_zone,250.5968,UCSB-CHG/CHIRPS/DAILY
1995,6,carbon_project_zone,272.7506,UCSB-CHG/CHIRPS/DAILY
1995,7,carbon_project_zone,173.8574,UCSB-CHG/CHIRPS/DAILY
1995,8,carbon_project_zone,58.5508,UCSB-CHG/CHIRPS/DAILY
1995,9,carbon_project_zone,102.3428,UCSB-CHG/CHIRPS/DAILY
1995,10,carbon_project_zone,221.9816,UCSB-CHG/CHIRPS/DAILY
1995,11,carbon_project_zone,295.2709,UCSB-CHG/CHIRPS/DAILY
1995,12,carbon_project_zone,303.0728,UCSB-CHG/CHIRPS/DAILY
1996,1,carbon_project_zone,289.8423,UCSB-CHG/CHIRPS/DAILY
1996,2,carbon_project_zone,236.4501,UCSB-CHG/CHIRPS/DAILY
1996,3,carbon_project_zone,374.4181,UCSB-CHG/CHIRPS/DAILY
1996,4,carbon_project_zone,158.2223,UCSB-CHG/CHIRPS/DAILY
1996,5,carbon_project_zone,81.4291,UCSB-CHG/CHIRPS/DAILY
1996,6,carbon_project_zone,244.0716,UCSB-CHG/CHIRPS/DAILY
1996,7,carbon_project_zone,75.5759,UCSB-CHG/CHIRPS/DAILY
1996,8,carbon_project_zone,293.7138,UCSB-CHG/CHIRPS/DAILY
1996,9,carbon_project_zone,128.4300,UCSB-CHG/CHIRPS/DAILY
1996,10,carbon_project_zone,420.4939,UCSB-CHG/CHIRPS/DAILY
1996,11,carbon_project_zone,216.1934,UCSB-CHG/CHIRPS/DAILY
1996,12,carbon_project_zone,290.8536,UCSB-CHG/CHIRPS/DAILY
1997,1,carbon_project_zone,211.6757,UCSB-CHG/CHIRPS/DAILY
1997,2,carbon_project_zone,179.5390,UCSB-CHG/CHIRPS/DAILY
1997,3,carbon_project_zone,147.6412,UCSB-CHG/CHIRPS/DAILY
1997,4,carbon_project_zone,343.4130,UCSB-CHG/CHIRPS/DAILY
1997,5,carbon_project_zone,82.2133,UCSB-CHG/CHIRPS/DAILY
1997,6,carbon_project_zone,24.5724,UCSB-CHG/CHIRPS/DAILY
1997,7,carbon_project_zone,66.2217,UCSB-CHG/CHIRPS/DAILY
1997,8,carbon_project_zone,14.8861,UCSB-CHG/CHIRPS/DAILY
1997,9,carbon_project_zone,6.2114,UCSB-CHG/CHIRPS/DAILY
1997,10,carbon_project_zone,51.6301,UCSB-CHG/CHIRPS/DAILY
1997,11,carbon_project_zone,209.1383,UCSB-CHG/CHIRPS/DAILY
1997,12,carbon_project_zone,295.9895,UCSB-CHG/CHIRPS/DAILY
1998,1,carbon_project_zone,201.0409,UCSB-CHG/CHIRPS/DAILY
1998,2,carbon_project_zone,251.5300,UCSB-CHG/CHIRPS/DAILY
1998,3,carbon_project_zone,304.1421,UCSB-CHG/CHIRPS/DAILY
1998,4,carbon_project_zone,261.8324,UCSB-CHG/CHIRPS/DAILY
1998,5,carbon_project_zone,280.1405,UCSB-CHG/CHIRPS/DAILY
1998,6,carbon_project_zone,352.2478,UCSB-CHG/CHIRPS/DAILY
1998,7,carbon_project_zone,297.0326,UCSB-CHG/CHIRPS/DAILY
1998,8,carbon_project_zone,243.2670,UCSB-CHG/CHIRPS/DAILY
1998,9,carbon_project_zone,231.3862,UCSB-CHG/CHIRPS/DAILY
1998,10,carbon_project_zone,260.2955,UCSB-CHG/CHIRPS/DAILY
1998,11,carbon_project_zone,280.2248,UCSB-CHG/CHIRPS/DAILY
1998,12,carbon_project_zone,239.6165,UCSB-CHG/CHIRPS/DAILY
1999,1,carbon_project_zone,331.0903,UCSB-CHG/CHIRPS/DAILY
1999,2,carbon_project_zone,304.1475,UCSB-CHG/CHIRPS/DAILY
1999,3,carbon_project_zone,226.7530,UCSB-CHG/CHIRPS/DAILY
1999,4,carbon_project_zone,270.5851,UCSB-CHG/CHIRPS/DAILY
1999,5,carbon_project_zone,295.3953,UCSB-CHG/CHIRPS/DAILY
1999,6,carbon_project_zone,187.5355,UCSB-CHG/CHIRPS/DAILY
1999,7,carbon_project_zone,188.9302,UCSB-CHG/CHIRPS/DAILY
1999,8,carbon_project_zone,139.0406,UCSB-CHG/CHIRPS/DAILY
1999,9,carbon_project_zone,167.1903,UCSB-CHG/CHIRPS/DAILY
1999,10,carbon_project_zone,443.1252,UCSB-CHG/CHIRPS/DAILY
1999,11,carbon_project_zone,259.6719,UCSB-CHG/CHIRPS/DAILY
1999,12,carbon_project_zone,321.8862,UCSB-CHG/CHIRPS/DAILY
2000,1,carbon_project_zone,310.5324,UCSB-CHG/CHIRPS/DAILY
2000,2,carbon_project_zone,246.0302,UCSB-CHG/CHIRPS/DAILY
2000,3,carbon_project_zone,351.4487,UCSB-CHG/CHIRPS/DAILY
2000,4,carbon_project_zone,281.5721,UCSB-CHG/CHIRPS/DAILY
2000,5,carbon_project_zone,236.6304,UCSB-CHG/CHIRPS/DAILY
2000,6,carbon_project_zone,258.1571,UCSB-CHG/CHIRPS/DAILY
2000,7,carbon_project_zone,122.6090,UCSB-CHG/CHIRPS/DAILY
2000,8,carbon_project_zone,231.2235,UCSB-CHG/CHIRPS/DAILY
2000,9,carbon_project_zone,196.1340,UCSB-CHG/CHIRPS/DAILY
2000,10,carbon_project_zone,242.8050,UCSB-CHG/CHIRPS/DAILY
2000,11,carbon_project_zone,304.3002,UCSB-CHG/CHIRPS/DAILY
2000,12,carbon_project_zone,296.8461,UCSB-CHG/CHIRPS/DAILY
2001,1,carbon_project_zone,244.1352,UCSB-CHG/CHIRPS/DAILY
2001,2,carbon_project_zone,189.0958,UCSB-CHG/CHIRPS/DAILY
2001,3,carbon_project_zone,336.7588,UCSB-CHG/CHIRPS/DAILY
2001,4,carbon_project_zone,336.9805,UCSB-CHG/CHIRPS/DAILY
2001,5,carbon_project_zone,278.6934,UCSB-CHG/CHIRPS/DAILY
2001,6,carbon_project_zone,210.3249,UCSB-CHG/CHIRPS/DAILY
2001,7,carbon_project_zone,132.1623,UCSB-CHG/CHIRPS/DAILY
2001,8,carbon_project_zone,19.8714,UCSB-CHG/CHIRPS/DAILY
2001,9,carbon_project_zone,236.6569,UCSB-CHG/CHIRPS/DAILY
2001,10,carbon_project_zone,359.4747,UCSB-CHG/CHIRPS/DAILY
2001,11,carbon_project_zone,240.9791,UCSB-CHG/CHIRPS/DAILY
2001,12,carbon_project_zone,286.8357,UCSB-CHG/CHIRPS/DAILY
2002,1,carbon_project_zone,219.6791,UCSB-CHG/CHIRPS/DAILY
2002,2,carbon_project_zone,283.2041,UCSB-CHG/CHIRPS/DAILY
2002,3,carbon_project_zone,324.0536,UCSB-CHG/CHIRPS/DAILY
2002,4,carbon_project_zone,322.3841,UCSB-CHG/CHIRPS/DAILY
2002,5,carbon_project_zone,150.9961,UCSB-CHG/CHIRPS/DAILY
2002,6,carbon_project_zone,244.9864,UCSB-CHG/CHIRPS/DAILY
2002,7,carbon_project_zone,19.8751,UCSB-CHG/CHIRPS/DAILY
2002,8,carbon_project_zone,15.7178,UCSB-CHG/CHIRPS/DAILY
2002,9,carbon_project_zone,32.1175,UCSB-CHG/CHIRPS/DAILY
2002,10,carbon_project_zone,111.9531,UCSB-CHG/CHIRPS/DAILY
2002,11,carbon_project_zone,242.0451,UCSB-CHG/CHIRPS/DAILY
2002,12,carbon_project_zone,297.0658,UCSB-CHG/CHIRPS/DAILY
2003,1,carbon_project_zone,295.3354,UCSB-CHG/CHIRPS/DAILY
2003,2,carbon_project_zone,271.3751,UCSB-CHG/CHIRPS/DAILY
2003,3,carbon_project_zone,224.1688,UCSB-CHG/CHIRPS/DAILY
2003,4,carbon_project_zone,349.7238,UCSB-CHG/CHIRPS/DAILY
2003,5,carbon_project_zone,118.0558,UCSB-CHG/CHIRPS/DAILY
2003,6,carbon_project_zone,86.2241,UCSB-CHG/CHIRPS/DAILY
2003,7,carbon_project_zone,51.8052,UCSB-CHG/CHIRPS/DAILY
2003,8,carbon_project_zone,55.2715,UCSB-CHG/CHIRPS/DAILY
2003,9,carbon_project_zone,81.9131,UCSB-CHG/CHIRPS/DAILY
2003,10,carbon_project_zone,342.9876,UCSB-CHG/CHIRPS/DAILY
2003,11,carbon_project_zone,291.2708,UCSB-CHG/CHIRPS/DAILY
2003,12,carbon_project_zone,447.5838,UCSB-CHG/CHIRPS/DAILY
2004,1,carbon_project_zone,341.0501,UCSB-CHG/CHIRPS/DAILY
2004,2,carbon_project_zone,202.7175,UCSB-CHG/CHIRPS/DAILY
2004,3,carbon_project_zone,280.8702,UCSB-CHG/CHIRPS/DAILY
2004,4,carbon_project_zone,291.9680,UCSB-CHG/CHIRPS/DAILY
2004,5,carbon_project_zone,234.7605,UCSB-CHG/CHIRPS/DAILY
2004,6,carbon_project_zone,103.3725,UCSB-CHG/CHIRPS/DAILY
2004,7,carbon_project_zone,176.9102,UCSB-CHG/CHIRPS/DAILY
2004,8,carbon_project_zone,18.1177,UCSB-CHG/CHIRPS/DAILY
2004,9,carbon_project_zone,98.5118,UCSB-CHG/CHIRPS/DAILY
2004,10,carbon_project_zone,76.0183,UCSB-CHG/CHIRPS/DAILY
2004,11,carbon_project_zone,147.7489,UCSB-CHG/CHIRPS/DAILY
2004,12,carbon_project_zone,307.7944,UCSB-CHG/CHIRPS/DAILY
2005,1,carbon_project_zone,176.6420,UCSB-CHG/CHIRPS/DAILY
2005,2,carbon_project_zone,235.6231,UCSB-CHG/CHIRPS/DAILY
2005,3,carbon_project_zone,287.6937,UCSB-CHG/CHIRPS/DAILY
2005,4,carbon_project_zone,341.7300,UCSB-CHG/CHIRPS/DAILY
2005,5,carbon_project_zone,109.0956,UCSB-CHG/CHIRPS/DAILY
2005,6,carbon_project_zone,117.5196,UCSB-CHG/CHIRPS/DAILY
2005,7,carbon_project_zone,135.5939,UCSB-CHG/CHIRPS/DAILY
2005,8,carbon_project_zone,83.9792,UCSB-CHG/CHIRPS/DAILY
2005,9,carbon_project_zone,79.2231,UCSB-CHG/CHIRPS/DAILY
2005,10,carbon_project_zone,275.0393,UCSB-CHG/CHIRPS/DAILY
2005,11,carbon_project_zone,293.5418,UCSB-CHG/CHIRPS/DAILY
2005,12,carbon_project_zone,240.0982,UCSB-CHG/CHIRPS/DAILY
2006,1,carbon_project_zone,293.5103,UCSB-CHG/CHIRPS/DAILY
2006,2,carbon_project_zone,288.1299,UCSB-CHG/CHIRPS/DAILY
2006,3,carbon_project_zone,342.7955,UCSB-CHG/CHIRPS/DAILY
2006,4,carbon_project_zone,252.8961,UCSB-CHG/CHIRPS/DAILY
2006,5,carbon_project_zone,277.2004,UCSB-CHG/CHIRPS/DAILY
2006,6,carbon_project_zone,333.9995,UCSB-CHG/CHIRPS/DAILY
2006,7,carbon_project_zone,28.3361,UCSB-CHG/CHIRPS/DAILY
2006,8,carbon_project_zone,18.7735,UCSB-CHG/CHIRPS/DAILY
2006,9,carbon_project_zone,48.5257,UCSB-CHG/CHIRPS/DAILY
2006,10,carbon_project_zone,19.5682,UCSB-CHG/CHIRPS/DAILY
2006,11,carbon_project_zone,213.3604,UCSB-CHG/CHIRPS/DAILY
2006,12,carbon_project_zone,370.0290,UCSB-CHG/CHIRPS/DAILY
2007,1,carbon_project_zone,187.9665,UCSB-CHG/CHIRPS/DAILY
2007,2,carbon_project_zone,271.3323,UCSB-CHG/CHIRPS/DAILY
2007,3,carbon_project_zone,315.8862,UCSB-CHG/CHIRPS/DAILY
2007,4,carbon_project_zone,336.0991,UCSB-CHG/CHIRPS/DAILY
2007,5,carbon_project_zone,226.2308,UCSB-CHG/CHIRPS/DAILY
2007,6,carbon_project_zone,278.8826,UCSB-CHG/CHIRPS/DAILY
2007,7,carbon_project_zone,277.4801,UCSB-CHG/CHIRPS/DAILY
2007,8,carbon_project_zone,142.7067,UCSB-CHG/CHIRPS/DAILY
2007,9,carbon_project_zone,72.5419,UCSB-CHG/CHIRPS/DAILY
2007,10,carbon_project_zone,272.4928,UCSB-CHG/CHIRPS/DAILY
2007,11,carbon_project_zone,191.6306,UCSB-CHG/CHIRPS/DAILY
2007,12,carbon_project_zone,308.6675,UCSB-CHG/CHIRPS/DAILY
2008,1,carbon_project_zone,216.1639,UCSB-CHG/CHIRPS/DAILY
2008,2,carbon_project_zone,297.6197,UCSB-CHG/CHIRPS/DAILY
2008,3,carbon_project_zone,400.0219,UCSB-CHG/CHIRPS/DAILY
2008,4,carbon_project_zone,260.2329,UCSB-CHG/CHIRPS/DAILY
2008,5,carbon_project_zone,180.4280,UCSB-CHG/CHIRPS/DAILY
2008,6,carbon_project_zone,202.5730,UCSB-CHG/CHIRPS/DAILY
2008,7,carbon_project_zone,147.9182,UCSB-CHG/CHIRPS/DAILY
2008,8,carbon_project_zone,301.8669,UCSB-CHG/CHIRPS/DAILY
2008,9,carbon_project_zone,152.4670,UCSB-CHG/CHIRPS/DAILY
2008,10,carbon_project_zone,310.1848,UCSB-CHG/CHIRPS/DAILY
2008,11,carbon_project_zone,337.4512,UCSB-CHG/CHIRPS/DAILY
2008,12,carbon_project_zone,369.8362,UCSB-CHG/CHIRPS/DAILY
2009,1,carbon_project_zone,231.8300,UCSB-CHG/CHIRPS/DAILY
2009,2,carbon_project_zone,258.9639,UCSB-CHG/CHIRPS/DAILY
2009,3,carbon_project_zone,330.1173,UCSB-CHG/CHIRPS/DAILY
2009,4,carbon_project_zone,266.9544,UCSB-CHG/CHIRPS/DAILY
2009,5,carbon_project_zone,181.7186,UCSB-CHG/CHIRPS/DAILY
2009,6,carbon_project_zone,159.0778,UCSB-CHG/CHIRPS/DAILY
2009,7,carbon_project_zone,79.3408,UCSB-CHG/CHIRPS/DAILY
2009,8,carbon_project_zone,55.6110,UCSB-CHG/CHIRPS/DAILY
2009,9,carbon_project_zone,16.9825,UCSB-CHG/CHIRPS/DAILY
2009,10,carbon_project_zone,235.3209,UCSB-CHG/CHIRPS/DAILY
2009,11,carbon_project_zone,283.7899,UCSB-CHG/CHIRPS/DAILY
2009,12,carbon_project_zone,312.1686,UCSB-CHG/CHIRPS/DAILY
2010,1,carbon_project_zone,325.8993,UCSB-CHG/CHIRPS/DAILY
2010,2,carbon_project_zone,314.0811,UCSB-CHG/CHIRPS/DAILY
2010,3,carbon_project_zone,361.8149,UCSB-CHG/CHIRPS/DAILY
2010,4,carbon_project_zone,291.5666,UCSB-CHG/CHIRPS/DAILY
2010,5,carbon_project_zone,375.7765,UCSB-CHG/CHIRPS/DAILY
2010,6,carbon_project_zone,298.6761,UCSB-CHG/CHIRPS/DAILY
2010,7,carbon_project_zone,433.1372,UCSB-CHG/CHIRPS/DAILY
2010,8,carbon_project_zone,359.2086,UCSB-CHG/CHIRPS/DAILY
2010,9,carbon_project_zone,443.8483,UCSB-CHG/CHIRPS/DAILY
2010,10,carbon_project_zone,426.0961,UCSB-CHG/CHIRPS/DAILY
2010,11,carbon_project_zone,346.2690,UCSB-CHG/CHIRPS/DAILY
2010,12,carbon_project_zone,187.2700,UCSB-CHG/CHIRPS/DAILY
2011,1,carbon_project_zone,289.9713,UCSB-CHG/CHIRPS/DAILY
2011,2,carbon_project_zone,153.6135,UCSB-CHG/CHIRPS/DAILY
2011,3,carbon_project_zone,329.7923,UCSB-CHG/CHIRPS/DAILY
2011,4,carbon_project_zone,315.1949,UCSB-CHG/CHIRPS/DAILY
2011,5,carbon_project_zone,203.8206,UCSB-CHG/CHIRPS/DAILY
2011,6,carbon_project_zone,46.3340,UCSB-CHG/CHIRPS/DAILY
2011,7,carbon_project_zone,92.3217,UCSB-CHG/CHIRPS/DAILY
2011,8,carbon_project_zone,48.9673,UCSB-CHG/CHIRPS/DAILY
2011,9,carbon_project_zone,100.0609,UCSB-CHG/CHIRPS/DAILY
2011,10,carbon_project_zone,341.2047,UCSB-CHG/CHIRPS/DAILY
2011,11,carbon_project_zone,482.6990,UCSB-CHG/CHIRPS/DAILY
2011,12,carbon_project_zone,477.2137,UCSB-CHG/CHIRPS/DAILY
2012,1,carbon_project_zone,199.2199,UCSB-CHG/CHIRPS/DAILY
2012,2,carbon_project_zone,272.0022,UCSB-CHG/CHIRPS/DAILY
2012,3,carbon_project_zone,263.1110,UCSB-CHG/CHIRPS/DAILY
2012,4,carbon_project_zone,252.5827,UCSB-CHG/CHIRPS/DAILY
2012,5,carbon_project_zone,140.4559,UCSB-CHG/CHIRPS/DAILY
2012,6,carbon_project_zone,136.5757,UCSB-CHG/CHIRPS/DAILY
2012,7,carbon_project_zone,217.5668,UCSB-CHG/CHIRPS/DAILY
2012,8,carbon_project_zone,57.4146,UCSB-CHG/CHIRPS/DAILY
2012,9,carbon_project_zone,61.4999,UCSB-CHG/CHIRPS/DAILY
2012,10,carbon_project_zone,220.2096,UCSB-CHG/CHIRPS/DAILY
2012,11,carbon_project_zone,243.6700,UCSB-CHG/CHIRPS/DAILY
2012,12,carbon_project_zone,404.7169,UCSB-CHG/CHIRPS/DAILY
2013,1,carbon_project_zone,236.3918,UCSB-CHG/CHIRPS/DAILY
2013,2,carbon_project_zone,227.3810,UCSB-CHG/CHIRPS/DAILY
2013,3,carbon_project_zone,356.0761,UCSB-CHG/CHIRPS/DAILY
2013,4,carbon_project_zone,276.6062,UCSB-CHG/CHIRPS/DAILY
2013,5,carbon_project_zone,382.8686,UCSB-CHG/CHIRPS/DAILY
2013,6,carbon_project_zone,197.1018,UCSB-CHG/CHIRPS/DAILY
2013,7,carbon_project_zone,233.0746,UCSB-CHG/CHIRPS/DAILY
2013,8,carbon_project_zone,153.5460,UCSB-CHG/CHIRPS/DAILY
2013,9,carbon_project_zone,74.7093,UCSB-CHG/CHIRPS/DAILY
2013,10,carbon_project_zone,118.2859,UCSB-CHG/CHIRPS/DAILY
2013,11,carbon_project_zone,227.7764,UCSB-CHG/CHIRPS/DAILY
2013,12,carbon_project_zone,347.0364,UCSB-CHG/CHIRPS/DAILY
2014,1,carbon_project_zone,202.2421,UCSB-CHG/CHIRPS/DAILY
2014,2,carbon_project_zone,251.3708,UCSB-CHG/CHIRPS/DAILY
2014,3,carbon_project_zone,408.1814,UCSB-CHG/CHIRPS/DAILY
2014,4,carbon_project_zone,252.7951,UCSB-CHG/CHIRPS/DAILY
2014,5,carbon_project_zone,291.7148,UCSB-CHG/CHIRPS/DAILY
2014,6,carbon_project_zone,265.5348,UCSB-CHG/CHIRPS/DAILY
2014,7,carbon_project_zone,49.9251,UCSB-CHG/CHIRPS/DAILY
2014,8,carbon_project_zone,97.9522,UCSB-CHG/CHIRPS/DAILY
2014,9,carbon_project_zone,28.9807,UCSB-CHG/CHIRPS/DAILY
2014,10,carbon_project_zone,52.7485,UCSB-CHG/CHIRPS/DAILY
2014,11,carbon_project_zone,249.3162,UCSB-CHG/CHIRPS/DAILY
2014,12,carbon_project_zone,307.2321,UCSB-CHG/CHIRPS/DAILY
2015,1,carbon_project_zone,233.5942,UCSB-CHG/CHIRPS/DAILY
2015,2,carbon_project_zone,367.7302,UCSB-CHG/CHIRPS/DAILY
2015,3,carbon_project_zone,286.2900,UCSB-CHG/CHIRPS/DAILY
2015,4,carbon_project_zone,356.2666,UCSB-CHG/CHIRPS/DAILY
2015,5,carbon_project_zone,252.4890,UCSB-CHG/CHIRPS/DAILY
2015,6,carbon_project_zone,125.4315,UCSB-CHG/CHIRPS/DAILY
2015,7,carbon_project_zone,29.7175,UCSB-CHG/CHIRPS/DAILY
2015,8,carbon_project_zone,17.2008,UCSB-CHG/CHIRPS/DAILY
2015,9,carbon_project_zone,18.5741,UCSB-CHG/CHIRPS/DAILY
2015,10,carbon_project_zone,40.3307,UCSB-CHG/CHIRPS/DAILY
2015,11,carbon_project_zone,162.3393,UCSB-CHG/CHIRPS/DAILY
2015,12,carbon_project_zone,459.0419,UCSB-CHG/CHIRPS/DAILY
2016,1,carbon_project_zone,317.5933,UCSB-CHG/CHIRPS/DAILY
2016,2,carbon_project_zone,306.5838,UCSB-CHG/CHIRPS/DAILY
2016,3,carbon_project_zone,327.8186,UCSB-CHG/CHIRPS/DAILY
2016,4,carbon_project_zone,286.2759,UCSB-CHG/CHIRPS/DAILY
2016,5,carbon_project_zone,454.2056,UCSB-CHG/CHIRPS/DAILY
2016,6,carbon_project_zone,237.2377,UCSB-CHG/CHIRPS/DAILY
2016,7,carbon_project_zone,212.8945,UCSB-CHG/CHIRPS/DAILY
2016,8,carbon_project_zone,100.0887,UCSB-CHG/CHIRPS/DAILY
2016,9,carbon_project_zone,241.1935,UCSB-CHG/CHIRPS/DAILY
2016,10,carbon_project_zone,392.0621,UCSB-CHG/CHIRPS/DAILY
2016,11,carbon_project_zone,284.0684,UCSB-CHG/CHIRPS/DAILY
2016,12,carbon_project_zone,281.6399,UCSB-CHG/CHIRPS/DAILY
2017,1,carbon_project_zone,306.0878,UCSB-CHG/CHIRPS/DAILY
2017,2,carbon_project_zone,313.5827,UCSB-CHG/CHIRPS/DAILY
2017,3,carbon_project_zone,269.3249,UCSB-CHG/CHIRPS/DAILY
2017,4,carbon_project_zone,296.5709,UCSB-CHG/CHIRPS/DAILY
2017,5,carbon_project_zone,307.5612,UCSB-CHG/CHIRPS/DAILY
2017,6,carbon_project_zone,246.3028,UCSB-CHG/CHIRPS/DAILY
2017,7,carbon_project_zone,157.5819,UCSB-CHG/CHIRPS/DAILY
2017,8,carbon_project_zone,153.7265,UCSB-CHG/CHIRPS/DAILY
2017,9,carbon_project_zone,137.4351,UCSB-CHG/CHIRPS/DAILY
2017,10,carbon_project_zone,198.4612,UCSB-CHG/CHIRPS/DAILY
2017,11,carbon_project_zone,312.7621,UCSB-CHG/CHIRPS/DAILY
2017,12,carbon_project_zone,262.1944,UCSB-CHG/CHIRPS/DAILY
2018,1,carbon_project_zone,224.7150,UCSB-CHG/CHIRPS/DAILY
2018,2,carbon_project_zone,303.4613,UCSB-CHG/CHIRPS/DAILY
2018,3,carbon_project_zone,303.6709,UCSB-CHG/CHIRPS/DAILY
2018,4,carbon_project_zone,292.4907,UCSB-CHG/CHIRPS/DAILY
2018,5,carbon_project_zone,420.0264,UCSB-CHG/CHIRPS/DAILY
2018,6,carbon_project_zone,189.9074,UCSB-CHG/CHIRPS/DAILY
2018,7,carbon_project_zone,45.3842,UCSB-CHG/CHIRPS/DAILY
2018,8,carbon_project_zone,58.4247,UCSB-CHG/CHIRPS/DAILY
2018,9,carbon_project_zone,84.5719,UCSB-CHG/CHIRPS/DAILY
2018,10,carbon_project_zone,156.5672,UCSB-CHG/CHIRPS/DAILY
2018,11,carbon_project_zone,242.5657,UCSB-CHG/CHIRPS/DAILY
2018,12,carbon_project_zone,309.9241,UCSB-CHG/CHIRPS/DAILY
2019,1,carbon_project_zone,290.2288,UCSB-CHG/CHIRPS/DAILY
2019,2,carbon_project_zone,341.0877,UCSB-CHG/CHIRPS/DAILY
2019,3,carbon_project_zone,237.1980,UCSB-CHG/CHIRPS/DAILY
2019,4,carbon_project_zone,374.9039,UCSB-CHG/CHIRPS/DAILY
2019,5,carbon_project_zone,182.0480,UCSB-CHG/CHIRPS/DAILY
2019,6,carbon_project_zone,171.7808,UCSB-CHG/CHIRPS/DAILY
2019,7,carbon_project_zone,8.6263,UCSB-CHG/CHIRPS/DAILY
2019,8,carbon_project_zone,27.9957,UCSB-CHG/CHIRPS/DAILY
2019,9,carbon_project_zone,30.1302,UCSB-CHG/CHIRPS/DAILY
2019,10,carbon_project_zone,144.5164,UCSB-CHG/CHIRPS/DAILY
2019,11,carbon_project_zone,202.8480,UCSB-CHG/CHIRPS/DAILY
2019,12,carbon_project_zone,229.7873,UCSB-CHG/CHIRPS/DAILY
2020,1,carbon_project_zone,321.1497,UCSB-CHG/CHIRPS/DAILY
2020,2,carbon_project_zone,280.6548,UCSB-CHG/CHIRPS/DAILY
2020,3,carbon_project_zone,374.8770,UCSB-CHG/CHIRPS/DAILY
2020,4,carbon_project_zone,458.0971,UCSB-CHG/CHIRPS/DAILY
2020,5,carbon_project_zone,353.7660,UCSB-CHG/CHIRPS/DAILY
2020,6,carbon_project_zone,180.0432,UCSB-CHG/CHIRPS/DAILY
2020,7,carbon_project_zone,281.7549,UCSB-CHG/CHIRPS/DAILY
2020,8,carbon_project_zone,91.2570,UCSB-CHG/CHIRPS/DAILY
2020,9,carbon_project_zone,186.0813,UCSB-CHG/CHIRPS/DAILY
2020,10,carbon_project_zone,238.1041,UCSB-CHG/CHIRPS/DAILY
2020,11,carbon_project_zone,333.1924,UCSB-CHG/CHIRPS/DAILY
2020,12,carbon_project_zone,248.8494,UCSB-CHG/CHIRPS/DAILY
2021,1,carbon_project_zone,323.7206,UCSB-CHG/CHIRPS/DAILY
2021,2,carbon_project_zone,626.7193,UCSB-CHG/CHIRPS/DAILY
2021,3,carbon_project_zone,289.4726,UCSB-CHG/CHIRPS/DAILY
2021,4,carbon_project_zone,169.2362,UCSB-CHG/CHIRPS/DAILY
2021,5,carbon_project_zone,287.9163,UCSB-CHG/CHIRPS/DAILY
2021,6,carbon_project_zone,308.4854,UCSB-CHG/CHIRPS/DAILY
2021,7,carbon_project_zone,167.4642,UCSB-CHG/CHIRPS/DAILY
2021,8,carbon_project_zone,302.4849,UCSB-CHG/CHIRPS/DAILY
2021,9,carbon_project_zone,293.8727,UCSB-CHG/CHIRPS/DAILY
2021,10,carbon_project_zone,346.3798,UCSB-CHG/CHIRPS/DAILY
2021,11,carbon_project_zone,282.9126,UCSB-CHG/CHIRPS/DAILY
2021,12,carbon_project_zone,276.9364,UCSB-CHG/CHIRPS/DAILY
2022,1,carbon_project_zone,269.4580,UCSB-CHG/CHIRPS/DAILY
2022,2,carbon_project_zone,294.1322,UCSB-CHG/CHIRPS/DAILY
2022,3,carbon_project_zone,321.3737,UCSB-CHG/CHIRPS/DAILY
2022,4,carbon_project_zone,230.3062,UCSB-CHG/CHIRPS/DAILY
2022,5,carbon_project_zone,271.3546,UCSB-CHG/CHIRPS/DAILY
2022,6,carbon_project_zone,394.6708,UCSB-CHG/CHIRPS/DAILY
2022,7,carbon_project_zone,309.5809,UCSB-CHG/CHIRPS/DAILY
2022,8,carbon_project_zone,256.9708,UCSB-CHG/CHIRPS/DAILY
2022,9,carbon_project_zone,306.5088,UCSB-CHG/CHIRPS/DAILY
2022,10,carbon_project_zone,316.4358,UCSB-CHG/CHIRPS/DAILY
2022,11,carbon_project_zone,277.8301,UCSB-CHG/CHIRPS/DAILY
2022,12,carbon_project_zone,274.7505,UCSB-CHG/CHIRPS/DAILY
2023,1,carbon_project_zone,231.8397,UCSB-CHG/CHIRPS/DAILY
2023,2,carbon_project_zone,312.8858,UCSB-CHG/CHIRPS/DAILY
2023,3,carbon_project_zone,359.2401,UCSB-CHG/CHIRPS/DAILY
2023,4,carbon_project_zone,271.8672,UCSB-CHG/CHIRPS/DAILY
2023,5,carbon_project_zone,152.8103,UCSB-CHG/CHIRPS/DAILY
2023,6,carbon_project_zone,149.0105,UCSB-CHG/CHIRPS/DAILY
2023,7,carbon_project_zone,239.4270,UCSB-CHG/CHIRPS/DAILY
2023,8,carbon_project_zone,25.1146,UCSB-CHG/CHIRPS/DAILY
2023,9,carbon_project_zone,43.7872,UCSB-CHG/CHIRPS/DAILY
2023,10,carbon_project_zone,106.7829,UCSB-CHG/CHIRPS/DAILY
2023,11,carbon_project_zone,276.0905,UCSB-CHG/CHIRPS/DAILY
2023,12,carbon_project_zone,243.6213,UCSB-CHG/CHIRPS/DAILY
2024,1,carbon_project_zone,422.7163,UCSB-CHG/CHIRPS/DAILY
2024,2,carbon_project_zone,224.9090,UCSB-CHG/CHIRPS/DAILY
2024,3,carbon_project_zone,319.5747,UCSB-CHG/CHIRPS/DAILY
2024,4,carbon_project_zone,330.0927,UCSB-CHG/CHIRPS/DAILY
2024,5,carbon_project_zone,269.3460,UCSB-CHG/CHIRPS/DAILY
2024,6,carbon_project_zone,211.0732,UCSB-CHG/CHIRPS/DAILY
2024,7,carbon_project_zone,173.9292,UCSB-CHG/CHIRPS/DAILY
2024,8,carbon_project_zone,123.6157,UCSB-CHG/CHIRPS/DAILY
2024,9,carbon_project_zone,171.3595,UCSB-CHG/CHIRPS/DAILY
2024,10,carbon_project_zone,173.5972,UCSB-CHG/CHIRPS/DAILY
2024,11,carbon_project_zone,262.7383,UCSB-CHG/CHIRPS/DAILY
2024,12,carbon_project_zone,318.2789,UCSB-CHG/CHIRPS/DAILY
2025,1,carbon_project_zone,357.0876,UCSB-CHG/CHIRPS/DAILY
2025,2,carbon_project_zone,344.6269,UCSB-CHG/CHIRPS/DAILY
2025,3,carbon_project_zone,377.2200,UCSB-CHG/CHIRPS/DAILY
2025,4,carbon_project_zone,259.6603,UCSB-CHG/CHIRPS/DAILY
2025,5,carbon_project_zone,351.7112,UCSB-CHG/CHIRPS/DAILY
2025,6,carbon_project_zone,229.0645,UCSB-CHG/CHIRPS/DAILY
2025,7,carbon_project_zone,80.3191,UCSB-CHG/CHIRPS/DAILY
2025,8,carbon_project_zone,358.6031,UCSB-CHG/CHIRPS/DAILY
2025,9,carbon_project_zone,288.9425,UCSB-CHG/CHIRPS/DAILY
2025,10,carbon_project_zone,297.0795,UCSB-CHG/CHIRPS/DAILY
2025,11,carbon_project_zone,339.0822,UCSB-CHG/CHIRPS/DAILY
2025,12,carbon_project_zone,322.7853,UCSB-CHG/CHIRPS/DAILY
1981,1,project_area,86.9531,UCSB-CHG/CHIRPS/DAILY
1981,2,project_area,237.7820,UCSB-CHG/CHIRPS/DAILY
1981,3,project_area,341.4734,UCSB-CHG/CHIRPS/DAILY
1981,4,project_area,264.4372,UCSB-CHG/CHIRPS/DAILY
1981,5,project_area,326.6250,UCSB-CHG/CHIRPS/DAILY
1981,6,project_area,122.3318,UCSB-CHG/CHIRPS/DAILY
1981,7,project_area,239.3871,UCSB-CHG/CHIRPS/DAILY
1981,8,project_area,49.1742,UCSB-CHG/CHIRPS/DAILY
1981,9,project_area,175.5856,UCSB-CHG/CHIRPS/DAILY
1981,10,project_area,216.0877,UCSB-CHG/CHIRPS/DAILY
1981,11,project_area,213.6872,UCSB-CHG/CHIRPS/DAILY
1981,12,project_area,225.8086,UCSB-CHG/CHIRPS/DAILY
1982,1,project_area,302.5734,UCSB-CHG/CHIRPS/DAILY
1982,2,project_area,260.4094,UCSB-CHG/CHIRPS/DAILY
1982,3,project_area,323.7951,UCSB-CHG/CHIRPS/DAILY
1982,4,project_area,225.1290,UCSB-CHG/CHIRPS/DAILY
1982,5,project_area,181.2154,UCSB-CHG/CHIRPS/DAILY
1982,6,project_area,48.6615,UCSB-CHG/CHIRPS/DAILY
1982,7,project_area,48.4345,UCSB-CHG/CHIRPS/DAILY
1982,8,project_area,21.6433,UCSB-CHG/CHIRPS/DAILY
1982,9,project_area,18.5371,UCSB-CHG/CHIRPS/DAILY
1982,10,project_area,98.5701,UCSB-CHG/CHIRPS/DAILY
1982,11,project_area,169.9599,UCSB-CHG/CHIRPS/DAILY
1982,12,project_area,268.3996,UCSB-CHG/CHIRPS/DAILY
1983,1,project_area,243.0592,UCSB-CHG/CHIRPS/DAILY
1983,2,project_area,331.0232,UCSB-CHG/CHIRPS/DAILY
1983,3,project_area,346.1405,UCSB-CHG/CHIRPS/DAILY
1983,4,project_area,209.2870,UCSB-CHG/CHIRPS/DAILY
1983,5,project_area,492.8678,UCSB-CHG/CHIRPS/DAILY
1983,6,project_area,173.1122,UCSB-CHG/CHIRPS/DAILY
1983,7,project_area,159.7543,UCSB-CHG/CHIRPS/DAILY
1983,8,project_area,110.2802,UCSB-CHG/CHIRPS/DAILY
1983,9,project_area,116.6783,UCSB-CHG/CHIRPS/DAILY
1983,10,project_area,280.3993,UCSB-CHG/CHIRPS/DAILY
1983,11,project_area,221.9183,UCSB-CHG/CHIRPS/DAILY
1983,12,project_area,280.0352,UCSB-CHG/CHIRPS/DAILY
1984,1,project_area,286.7142,UCSB-CHG/CHIRPS/DAILY
1984,2,project_area,204.0666,UCSB-CHG/CHIRPS/DAILY
1984,3,project_area,365.0582,UCSB-CHG/CHIRPS/DAILY
1984,4,project_area,299.8342,UCSB-CHG/CHIRPS/DAILY
1984,5,project_area,280.9825,UCSB-CHG/CHIRPS/DAILY
1984,6,project_area,42.0962,UCSB-CHG/CHIRPS/DAILY
1984,7,project_area,303.1557,UCSB-CHG/CHIRPS/DAILY
1984,8,project_area,61.3264,UCSB-CHG/CHIRPS/DAILY
1984,9,project_area,257.4940,UCSB-CHG/CHIRPS/DAILY
1984,10,project_area,172.8379,UCSB-CHG/CHIRPS/DAILY
1984,11,project_area,293.1521,UCSB-CHG/CHIRPS/DAILY
1984,12,project_area,333.8340,UCSB-CHG/CHIRPS/DAILY
1985,1,project_area,309.8772,UCSB-CHG/CHIRPS/DAILY
1985,2,project_area,238.5798,UCSB-CHG/CHIRPS/DAILY
1985,3,project_area,296.2577,UCSB-CHG/CHIRPS/DAILY
1985,4,project_area,267.5494,UCSB-CHG/CHIRPS/DAILY
1985,5,project_area,313.2085,UCSB-CHG/CHIRPS/DAILY
1985,6,project_area,204.1001,UCSB-CHG/CHIRPS/DAILY
1985,7,project_area,459.2029,UCSB-CHG/CHIRPS/DAILY
1985,8,project_area,100.2443,UCSB-CHG/CHIRPS/DAILY
1985,9,project_area,149.4334,UCSB-CHG/CHIRPS/DAILY
1985,10,project_area,174.8316,UCSB-CHG/CHIRPS/DAILY
1985,11,project_area,322.5692,UCSB-CHG/CHIRPS/DAILY
1985,12,project_area,273.7527,UCSB-CHG/CHIRPS/DAILY
1986,1,project_area,211.8968,UCSB-CHG/CHIRPS/DAILY
1986,2,project_area,227.3212,UCSB-CHG/CHIRPS/DAILY
1986,3,project_area,459.9908,UCSB-CHG/CHIRPS/DAILY
1986,4,project_area,400.8967,UCSB-CHG/CHIRPS/DAILY
1986,5,project_area,208.1487,UCSB-CHG/CHIRPS/DAILY
1986,6,project_area,310.5773,UCSB-CHG/CHIRPS/DAILY
1986,7,project_area,171.1429,UCSB-CHG/CHIRPS/DAILY
1986,8,project_area,55.1792,UCSB-CHG/CHIRPS/DAILY
1986,9,project_area,151.5557,UCSB-CHG/CHIRPS/DAILY
1986,10,project_area,419.7408,UCSB-CHG/CHIRPS/DAILY
1986,11,project_area,277.8195,UCSB-CHG/CHIRPS/DAILY
1986,12,project_area,194.8121,UCSB-CHG/CHIRPS/DAILY
1987,1,project_area,316.5413,UCSB-CHG/CHIRPS/DAILY
1987,2,project_area,274.1451,UCSB-CHG/CHIRPS/DAILY
1987,3,project_area,297.3524,UCSB-CHG/CHIRPS/DAILY
1987,4,project_area,274.1251,UCSB-CHG/CHIRPS/DAILY
1987,5,project_area,270.9721,UCSB-CHG/CHIRPS/DAILY
1987,6,project_area,132.6980,UCSB-CHG/CHIRPS/DAILY
1987,7,project_area,44.1221,UCSB-CHG/CHIRPS/DAILY
1987,8,project_area,69.2848,UCSB-CHG/CHIRPS/DAILY
1987,9,project_area,74.8617,UCSB-CHG/CHIRPS/DAILY
1987,10,project_area,67.0983,UCSB-CHG/CHIRPS/DAILY
1987,11,project_area,243.6404,UCSB-CHG/CHIRPS/DAILY
1987,12,project_area,291.0540,UCSB-CHG/CHIRPS/DAILY
1988,1,project_area,271.0275,UCSB-CHG/CHIRPS/DAILY
1988,2,project_area,261.7106,UCSB-CHG/CHIRPS/DAILY
1988,3,project_area,377.5353,UCSB-CHG/CHIRPS/DAILY
1988,4,project_area,279.9536,UCSB-CHG/CHIRPS/DAILY
1988,5,project_area,297.7567,UCSB-CHG/CHIRPS/DAILY
1988,6,project_area,199.3237,UCSB-CHG/CHIRPS/DAILY
1988,7,project_area,105.9761,UCSB-CHG/CHIRPS/DAILY
1988,8,project_area,319.2829,UCSB-CHG/CHIRPS/DAILY
1988,9,project_area,292.8393,UCSB-CHG/CHIRPS/DAILY
1988,10,project_area,322.0475,UCSB-CHG/CHIRPS/DAILY
1988,11,project_area,259.9439,UCSB-CHG/CHIRPS/DAILY
1988,12,project_area,358.1022,UCSB-CHG/CHIRPS/DAILY
1989,1,project_area,318.0591,UCSB-CHG/CHIRPS/DAILY
1989,2,project_area,264.4610,UCSB-CHG/CHIRPS/DAILY
1989,3,project_area,302.9649,UCSB-CHG/CHIRPS/DAILY
1989,4,project_area,200.2689,UCSB-CHG/CHIRPS/DAILY
1989,5,project_area,301.8463,UCSB-CHG/CHIRPS/DAILY
1989,6,project_area,143.9333,UCSB-CHG/CHIRPS/DAILY
1989,7,project_area,206.1677,UCSB-CHG/CHIRPS/DAILY
1989,8,project_area,208.1615,UCSB-CHG/CHIRPS/DAILY
1989,9,project_area,242.9204,UCSB-CHG/CHIRPS/DAILY
1989,10,project_area,308.9736,UCSB-CHG/CHIRPS/DAILY
1989,11,project_area,280.1884,UCSB-CHG/CHIRPS/DAILY
1989,12,project_area,200.5271,UCSB-CHG/CHIRPS/DAILY
1990,1,project_area,225.6840,UCSB-CHG/CHIRPS/DAILY
1990,2,project_area,246.6943,UCSB-CHG/CHIRPS/DAILY
1990,3,project_area,318.9105,UCSB-CHG/CHIRPS/DAILY
1990,4,project_area,231.0374,UCSB-CHG/CHIRPS/DAILY
1990,5,project_area,242.9473,UCSB-CHG/CHIRPS/DAILY
1990,6,project_area,124.1561,UCSB-CHG/CHIRPS/DAILY
1990,7,project_area,182.3630,UCSB-CHG/CHIRPS/DAILY
1990,8,project_area,75.2771,UCSB-CHG/CHIRPS/DAILY
1990,9,project_area,57.3538,UCSB-CHG/CHIRPS/DAILY
1990,10,project_area,190.0456,UCSB-CHG/CHIRPS/DAILY
1990,11,project_area,106.4201,UCSB-CHG/CHIRPS/DAILY
1990,12,project_area,364.0854,UCSB-CHG/CHIRPS/DAILY
1991,1,project_area,342.8177,UCSB-CHG/CHIRPS/DAILY
1991,2,project_area,265.2910,UCSB-CHG/CHIRPS/DAILY
1991,3,project_area,404.8723,UCSB-CHG/CHIRPS/DAILY
1991,4,project_area,241.6007,UCSB-CHG/CHIRPS/DAILY
1991,5,project_area,259.5453,UCSB-CHG/CHIRPS/DAILY
1991,6,project_area,66.1791,UCSB-CHG/CHIRPS/DAILY
1991,7,project_area,23.7324,UCSB-CHG/CHIRPS/DAILY
1991,8,project_area,24.5949,UCSB-CHG/CHIRPS/DAILY
1991,9,project_area,24.1581,UCSB-CHG/CHIRPS/DAILY
1991,10,project_area,86.1685,UCSB-CHG/CHIRPS/DAILY
1991,11,project_area,250.3660,UCSB-CHG/CHIRPS/DAILY
1991,12,project_area,360.3048,UCSB-CHG/CHIRPS/DAILY
1992,1,project_area,259.0155,UCSB-CHG/CHIRPS/DAILY
1992,2,project_area,292.3775,UCSB-CHG/CHIRPS/DAILY
1992,3,project_area,399.9330,UCSB-CHG/CHIRPS/DAILY
1992,4,project_area,272.9990,UCSB-CHG/CHIRPS/DAILY
1992,5,project_area,278.9080,UCSB-CHG/CHIRPS/DAILY
1992,6,project_area,116.7887,UCSB-CHG/CHIRPS/DAILY
1992,7,project_area,148.9915,UCSB-CHG/CHIRPS/DAILY
1992,8,project_area,108.4597,UCSB-CHG/CHIRPS/DAILY
1992,9,project_area,236.0672,UCSB-CHG/CHIRPS/DAILY
1992,10,project_area,271.7281,UCSB-CHG/CHIRPS/DAILY
1992,11,project_area,283.4679,UCSB-CHG/CHIRPS/DAILY
1992,12,project_area,307.3825,UCSB-CHG/CHIRPS/DAILY
1993,1,project_area,202.7747,UCSB-CHG/CHIRPS/DAILY
1993,2,project_area,230.6488,UCSB-CHG/CHIRPS/DAILY
1993,3,project_area,347.5938,UCSB-CHG/CHIRPS/DAILY
1993,4,project_area,288.2941,UCSB-CHG/CHIRPS/DAILY
1993,5,project_area,427.0465,UCSB-CHG/CHIRPS/DAILY
1993,6,project_area,291.7710,UCSB-CHG/CHIRPS/DAILY
1993,7,project_area,102.5184,UCSB-CHG/CHIRPS/DAILY
1993,8,project_area,49.5081,UCSB-CHG/CHIRPS/DAILY
1993,9,project_area,129.9132,UCSB-CHG/CHIRPS/DAILY
1993,10,project_area,204.9075,UCSB-CHG/CHIRPS/DAILY
1993,11,project_area,300.4581,UCSB-CHG/CHIRPS/DAILY
1993,12,project_area,240.1064,UCSB-CHG/CHIRPS/DAILY
1994,1,project_area,270.3144,UCSB-CHG/CHIRPS/DAILY
1994,2,project_area,269.4739,UCSB-CHG/CHIRPS/DAILY
1994,3,project_area,410.2563,UCSB-CHG/CHIRPS/DAILY
1994,4,project_area,252.5172,UCSB-CHG/CHIRPS/DAILY
1994,5,project_area,127.5241,UCSB-CHG/CHIRPS/DAILY
1994,6,project_area,225.4074,UCSB-CHG/CHIRPS/DAILY
1994,7,project_area,21.4811,UCSB-CHG/CHIRPS/DAILY
1994,8,project_area,97.8776,UCSB-CHG/CHIRPS/DAILY
1994,9,project_area,13.9141,UCSB-CHG/CHIRPS/DAILY
1994,10,project_area,161.0788,UCSB-CHG/CHIRPS/DAILY
1994,11,project_area,251.3574,UCSB-CHG/CHIRPS/DAILY
1994,12,project_area,305.4629,UCSB-CHG/CHIRPS/DAILY
1995,1,project_area,327.3281,UCSB-CHG/CHIRPS/DAILY
1995,2,project_area,254.8207,UCSB-CHG/CHIRPS/DAILY
1995,3,project_area,312.9402,UCSB-CHG/CHIRPS/DAILY
1995,4,project_area,261.1759,UCSB-CHG/CHIRPS/DAILY
1995,5,project_area,251.5276,UCSB-CHG/CHIRPS/DAILY
1995,6,project_area,285.0803,UCSB-CHG/CHIRPS/DAILY
1995,7,project_area,169.5495,UCSB-CHG/CHIRPS/DAILY
1995,8,project_area,60.5326,UCSB-CHG/CHIRPS/DAILY
1995,9,project_area,107.0229,UCSB-CHG/CHIRPS/DAILY
1995,10,project_area,227.9291,UCSB-CHG/CHIRPS/DAILY
1995,11,project_area,296.2604,UCSB-CHG/CHIRPS/DAILY
1995,12,project_area,306.2404,UCSB-CHG/CHIRPS/DAILY
1996,1,project_area,287.9873,UCSB-CHG/CHIRPS/DAILY
1996,2,project_area,234.5522,UCSB-CHG/CHIRPS/DAILY
1996,3,project_area,378.3246,UCSB-CHG/CHIRPS/DAILY
1996,4,project_area,151.4064,UCSB-CHG/CHIRPS/DAILY
1996,5,project_area,79.5374,UCSB-CHG/CHIRPS/DAILY
1996,6,project_area,237.8737,UCSB-CHG/CHIRPS/DAILY
1996,7,project_area,76.6085,UCSB-CHG/CHIRPS/DAILY
1996,8,project_area,295.3095,UCSB-CHG/CHIRPS/DAILY
1996,9,project_area,130.3372,UCSB-CHG/CHIRPS/DAILY
1996,10,project_area,429.9187,UCSB-CHG/CHIRPS/DAILY
1996,11,project_area,213.3913,UCSB-CHG/CHIRPS/DAILY
1996,12,project_area,287.7394,UCSB-CHG/CHIRPS/DAILY
1997,1,project_area,213.2134,UCSB-CHG/CHIRPS/DAILY
1997,2,project_area,175.9612,UCSB-CHG/CHIRPS/DAILY
1997,3,project_area,142.7630,UCSB-CHG/CHIRPS/DAILY
1997,4,project_area,356.7009,UCSB-CHG/CHIRPS/DAILY
1997,5,project_area,81.3547,UCSB-CHG/CHIRPS/DAILY
1997,6,project_area,19.5040,UCSB-CHG/CHIRPS/DAILY
1997,7,project_area,67.3626,UCSB-CHG/CHIRPS/DAILY
1997,8,project_area,14.8903,UCSB-CHG/CHIRPS/DAILY
1997,9,project_area,6.1386,UCSB-CHG/CHIRPS/DAILY
1997,10,project_area,52.5841,UCSB-CHG/CHIRPS/DAILY
1997,11,project_area,212.8037,UCSB-CHG/CHIRPS/DAILY
1997,12,project_area,301.9897,UCSB-CHG/CHIRPS/DAILY
1998,1,project_area,203.1538,UCSB-CHG/CHIRPS/DAILY
1998,2,project_area,250.7614,UCSB-CHG/CHIRPS/DAILY
1998,3,project_area,309.3217,UCSB-CHG/CHIRPS/DAILY
1998,4,project_area,265.2908,UCSB-CHG/CHIRPS/DAILY
1998,5,project_area,269.5033,UCSB-CHG/CHIRPS/DAILY
1998,6,project_area,354.8811,UCSB-CHG/CHIRPS/DAILY
1998,7,project_area,295.8591,UCSB-CHG/CHIRPS/DAILY
1998,8,project_area,250.7456,UCSB-CHG/CHIRPS/DAILY
1998,9,project_area,229.2688,UCSB-CHG/CHIRPS/DAILY
1998,10,project_area,259.8640,UCSB-CHG/CHIRPS/DAILY
1998,11,project_area,286.0992,UCSB-CHG/CHIRPS/DAILY
1998,12,project_area,244.0239,UCSB-CHG/CHIRPS/DAILY
1999,1,project_area,324.6961,UCSB-CHG/CHIRPS/DAILY
1999,2,project_area,307.4819,UCSB-CHG/CHIRPS/DAILY
1999,3,project_area,224.4859,UCSB-CHG/CHIRPS/DAILY
1999,4,project_area,276.3605,UCSB-CHG/CHIRPS/DAILY
1999,5,project_area,291.4591,UCSB-CHG/CHIRPS/DAILY
1999,6,project_area,197.2594,UCSB-CHG/CHIRPS/DAILY
1999,7,project_area,191.6078,UCSB-CHG/CHIRPS/DAILY
1999,8,project_area,135.1870,UCSB-CHG/CHIRPS/DAILY
1999,9,project_area,168.6142,UCSB-CHG/CHIRPS/DAILY
1999,10,project_area,460.4939,UCSB-CHG/CHIRPS/DAILY
1999,11,project_area,263.2354,UCSB-CHG/CHIRPS/DAILY
1999,12,project_area,320.4149,UCSB-CHG/CHIRPS/DAILY
2000,1,project_area,305.1922,UCSB-CHG/CHIRPS/DAILY
2000,2,project_area,245.5063,UCSB-CHG/CHIRPS/DAILY
2000,3,project_area,351.0115,UCSB-CHG/CHIRPS/DAILY
2000,4,project_area,282.7079,UCSB-CHG/CHIRPS/DAILY
2000,5,project_area,237.4360,UCSB-CHG/CHIRPS/DAILY
2000,6,project_area,256.5276,UCSB-CHG/CHIRPS/DAILY
2000,7,project_area,126.7189,UCSB-CHG/CHIRPS/DAILY
2000,8,project_area,235.5798,UCSB-CHG/CHIRPS/DAILY
2000,9,project_area,194.6611,UCSB-CHG/CHIRPS/DAILY
2000,10,project_area,244.8595,UCSB-CHG/CHIRPS/DAILY
2000,11,project_area,304.1198,UCSB-CHG/CHIRPS/DAILY
2000,12,project_area,298.4589,UCSB-CHG/CHIRPS/DAILY
2001,1,project_area,243.1162,UCSB-CHG/CHIRPS/DAILY
2001,2,project_area,187.7899,UCSB-CHG/CHIRPS/DAILY
2001,3,project_area,337.1887,UCSB-CHG/CHIRPS/DAILY
2001,4,project_area,340.4824,UCSB-CHG/CHIRPS/DAILY
2001,5,project_area,277.7734,UCSB-CHG/CHIRPS/DAILY
2001,6,project_area,213.6448,UCSB-CHG/CHIRPS/DAILY
2001,7,project_area,134.4048,UCSB-CHG/CHIRPS/DAILY
2001,8,project_area,19.4601,UCSB-CHG/CHIRPS/DAILY
2001,9,project_area,237.9530,UCSB-CHG/CHIRPS/DAILY
2001,10,project_area,364.7176,UCSB-CHG/CHIRPS/DAILY
2001,11,project_area,241.1708,UCSB-CHG/CHIRPS/DAILY
2001,12,project_area,285.9545,UCSB-CHG/CHIRPS/DAILY
2002,1,project_area,218.6098,UCSB-CHG/CHIRPS/DAILY
2002,2,project_area,279.1112,UCSB-CHG/CHIRPS/DAILY
2002,3,project_area,323.3746,UCSB-CHG/CHIRPS/DAILY
2002,4,project_area,320.2684,UCSB-CHG/CHIRPS/DAILY
2002,5,project_area,149.2083,UCSB-CHG/CHIRPS/DAILY
2002,6,project_area,254.4784,UCSB-CHG/CHIRPS/DAILY
2002,7,project_area,21.0386,UCSB-CHG/CHIRPS/DAILY
2002,8,project_area,15.6000,UCSB-CHG/CHIRPS/DAILY
2002,9,project_area,32.8867,UCSB-CHG/CHIRPS/DAILY
2002,10,project_area,113.9154,UCSB-CHG/CHIRPS/DAILY
2002,11,project_area,242.9886,UCSB-CHG/CHIRPS/DAILY
2002,12,project_area,304.4407,UCSB-CHG/CHIRPS/DAILY
2003,1,project_area,293.7714,UCSB-CHG/CHIRPS/DAILY
2003,2,project_area,267.4766,UCSB-CHG/CHIRPS/DAILY
2003,3,project_area,224.2165,UCSB-CHG/CHIRPS/DAILY
2003,4,project_area,350.3505,UCSB-CHG/CHIRPS/DAILY
2003,5,project_area,118.8333,UCSB-CHG/CHIRPS/DAILY
2003,6,project_area,92.8244,UCSB-CHG/CHIRPS/DAILY
2003,7,project_area,54.5298,UCSB-CHG/CHIRPS/DAILY
2003,8,project_area,55.0775,UCSB-CHG/CHIRPS/DAILY
2003,9,project_area,82.8210,UCSB-CHG/CHIRPS/DAILY
2003,10,project_area,343.6860,UCSB-CHG/CHIRPS/DAILY
2003,11,project_area,291.0296,UCSB-CHG/CHIRPS/DAILY
2003,12,project_area,446.1911,UCSB-CHG/CHIRPS/DAILY
2004,1,project_area,337.6783,UCSB-CHG/CHIRPS/DAILY
2004,2,project_area,199.7733,UCSB-CHG/CHIRPS/DAILY
2004,3,project_area,279.7179,UCSB-CHG/CHIRPS/DAILY
2004,4,project_area,293.1833,UCSB-CHG/CHIRPS/DAILY
2004,5,project_area,239.0351,UCSB-CHG/CHIRPS/DAILY
2004,6,project_area,103.2137,UCSB-CHG/CHIRPS/DAILY
2004,7,project_area,172.1311,UCSB-CHG/CHIRPS/DAILY
2004,8,project_area,17.9790,UCSB-CHG/CHIRPS/DAILY
2004,9,project_area,98.2121,UCSB-CHG/CHIRPS/DAILY
2004,10,project_area,78.3775,UCSB-CHG/CHIRPS/DAILY
2004,11,project_area,146.6946,UCSB-CHG/CHIRPS/DAILY
2004,12,project_area,308.5430,UCSB-CHG/CHIRPS/DAILY
2005,1,project_area,175.0122,UCSB-CHG/CHIRPS/DAILY
2005,2,project_area,231.8815,UCSB-CHG/CHIRPS/DAILY
2005,3,project_area,287.6110,UCSB-CHG/CHIRPS/DAILY
2005,4,project_area,343.3919,UCSB-CHG/CHIRPS/DAILY
2005,5,project_area,109.8604,UCSB-CHG/CHIRPS/DAILY
2005,6,project_area,117.1882,UCSB-CHG/CHIRPS/DAILY
2005,7,project_area,139.4427,UCSB-CHG/CHIRPS/DAILY
2005,8,project_area,84.1522,UCSB-CHG/CHIRPS/DAILY
2005,9,project_area,80.5302,UCSB-CHG/CHIRPS/DAILY
2005,10,project_area,283.5537,UCSB-CHG/CHIRPS/DAILY
2005,11,project_area,293.5668,UCSB-CHG/CHIRPS/DAILY
2005,12,project_area,239.2642,UCSB-CHG/CHIRPS/DAILY
2006,1,project_area,292.7266,UCSB-CHG/CHIRPS/DAILY
2006,2,project_area,288.5032,UCSB-CHG/CHIRPS/DAILY
2006,3,project_area,346.0187,UCSB-CHG/CHIRPS/DAILY
2006,4,project_area,250.3300,UCSB-CHG/CHIRPS/DAILY
2006,5,project_area,280.9475,UCSB-CHG/CHIRPS/DAILY
2006,6,project_area,336.8312,UCSB-CHG/CHIRPS/DAILY
2006,7,project_area,30.1579,UCSB-CHG/CHIRPS/DAILY
2006,8,project_area,18.3896,UCSB-CHG/CHIRPS/DAILY
2006,9,project_area,48.7561,UCSB-CHG/CHIRPS/DAILY
2006,10,project_area,19.7703,UCSB-CHG/CHIRPS/DAILY
2006,11,project_area,219.6043,UCSB-CHG/CHIRPS/DAILY
2006,12,project_area,369.2483,UCSB-CHG/CHIRPS/DAILY
2007,1,project_area,188.2835,UCSB-CHG/CHIRPS/DAILY
2007,2,project_area,266.2666,UCSB-CHG/CHIRPS/DAILY
2007,3,project_area,316.2606,UCSB-CHG/CHIRPS/DAILY
2007,4,project_area,336.4511,UCSB-CHG/CHIRPS/DAILY
2007,5,project_area,224.5252,UCSB-CHG/CHIRPS/DAILY
2007,6,project_area,276.5554,UCSB-CHG/CHIRPS/DAILY
2007,7,project_area,277.8803,UCSB-CHG/CHIRPS/DAILY
2007,8,project_area,145.6471,UCSB-CHG/CHIRPS/DAILY
2007,9,project_area,72.3046,UCSB-CHG/CHIRPS/DAILY
2007,10,project_area,276.1184,UCSB-CHG/CHIRPS/DAILY
2007,11,project_area,192.3096,UCSB-CHG/CHIRPS/DAILY
2007,12,project_area,311.5193,UCSB-CHG/CHIRPS/DAILY
2008,1,project_area,218.7160,UCSB-CHG/CHIRPS/DAILY
2008,2,project_area,298.8507,UCSB-CHG/CHIRPS/DAILY
2008,3,project_area,396.6032,UCSB-CHG/CHIRPS/DAILY
2008,4,project_area,260.3542,UCSB-CHG/CHIRPS/DAILY
2008,5,project_area,186.5759,UCSB-CHG/CHIRPS/DAILY
2008,6,project_area,208.0978,UCSB-CHG/CHIRPS/DAILY
2008,7,project_area,148.2205,UCSB-CHG/CHIRPS/DAILY
2008,8,project_area,305.7465,UCSB-CHG/CHIRPS/DAILY
2008,9,project_area,155.0036,UCSB-CHG/CHIRPS/DAILY
2008,10,project_area,313.7225,UCSB-CHG/CHIRPS/DAILY
2008,11,project_area,338.3145,UCSB-CHG/CHIRPS/DAILY
2008,12,project_area,371.5394,UCSB-CHG/CHIRPS/DAILY
2009,1,project_area,231.2638,UCSB-CHG/CHIRPS/DAILY
2009,2,project_area,258.1305,UCSB-CHG/CHIRPS/DAILY
2009,3,project_area,336.3734,UCSB-CHG/CHIRPS/DAILY
2009,4,project_area,272.5881,UCSB-CHG/CHIRPS/DAILY
2009,5,project_area,182.5704,UCSB-CHG/CHIRPS/DAILY
2009,6,project_area,161.9066,UCSB-CHG/CHIRPS/DAILY
2009,7,project_area,79.6633,UCSB-CHG/CHIRPS/DAILY
2009,8,project_area,56.1197,UCSB-CHG/CHIRPS/DAILY
2009,9,project_area,16.8432,UCSB-CHG/CHIRPS/DAILY
2009,10,project_area,236.2240,UCSB-CHG/CHIRPS/DAILY
2009,11,project_area,286.5666,UCSB-CHG/CHIRPS/DAILY
2009,12,project_area,314.7582,UCSB-CHG/CHIRPS/DAILY
2010,1,project_area,327.5348,UCSB-CHG/CHIRPS/DAILY
2010,2,project_area,318.9962,UCSB-CHG/CHIRPS/DAILY
2010,3,project_area,356.5629,UCSB-CHG/CHIRPS/DAILY
2010,4,project_area,286.7332,UCSB-CHG/CHIRPS/DAILY
2010,5,project_area,381.0592,UCSB-CHG/CHIRPS/DAILY
2010,6,project_area,298.7735,UCSB-CHG/CHIRPS/DAILY
2010,7,project_area,435.3056,UCSB-CHG/CHIRPS/DAILY
2010,8,project_area,365.3217,UCSB-CHG/CHIRPS/DAILY
2010,9,project_area,447.0451,UCSB-CHG/CHIRPS/DAILY
2010,10,project_area,424.9148,UCSB-CHG/CHIRPS/DAILY
2010,11,project_area,350.7586,UCSB-CHG/CHIRPS/DAILY
2010,12,project_area,185.8766,UCSB-CHG/CHIRPS/DAILY
2011,1,project_area,288.9518,UCSB-CHG/CHIRPS/DAILY
2011,2,project_area,149.4722,UCSB-CHG/CHIRPS/DAILY
2011,3,project_area,329.5378,UCSB-CHG/CHIRPS/DAILY
2011,4,project_area,318.0610,UCSB-CHG/CHIRPS/DAILY
2011,5,project_area,206.4403,UCSB-CHG/CHIRPS/DAILY
2011,6,project_area,45.0238,UCSB-CHG/CHIRPS/DAILY
2011,7,project_area,94.1873,UCSB-CHG/CHIRPS/DAILY
2011,8,project_area,47.5447,UCSB-CHG/CHIRPS/DAILY
2011,9,project_area,99.5920,UCSB-CHG/CHIRPS/DAILY
2011,10,project_area,347.5719,UCSB-CHG/CHIRPS/DAILY
2011,11,project_area,492.9580,UCSB-CHG/CHIRPS/DAILY
2011,12,project_area,484.6929,UCSB-CHG/CHIRPS/DAILY
2012,1,project_area,198.1116,UCSB-CHG/CHIRPS/DAILY
2012,2,project_area,273.3472,UCSB-CHG/CHIRPS/DAILY
2012,3,project_area,260.5521,UCSB-CHG/CHIRPS/DAILY
2012,4,project_area,248.1890,UCSB-CHG/CHIRPS/DAILY
2012,5,project_area,142.3096,UCSB-CHG/CHIRPS/DAILY
2012,6,project_area,133.5247,UCSB-CHG/CHIRPS/DAILY
2012,7,project_area,216.7915,UCSB-CHG/CHIRPS/DAILY
2012,8,project_area,58.3775,UCSB-CHG/CHIRPS/DAILY
2012,9,project_area,60.6397,UCSB-CHG/CHIRPS/DAILY
2012,10,project_area,222.4391,UCSB-CHG/CHIRPS/DAILY
2012,11,project_area,243.2004,UCSB-CHG/CHIRPS/DAILY
2012,12,project_area,405.6880,UCSB-CHG/CHIRPS/DAILY
2013,1,project_area,238.7241,UCSB-CHG/CHIRPS/DAILY
2013,2,project_area,227.7342,UCSB-CHG/CHIRPS/DAILY
2013,3,project_area,355.9150,UCSB-CHG/CHIRPS/DAILY
2013,4,project_area,279.0395,UCSB-CHG/CHIRPS/DAILY
2013,5,project_area,382.6639,UCSB-CHG/CHIRPS/DAILY
2013,6,project_area,200.8801,UCSB-CHG/CHIRPS/DAILY
2013,7,project_area,237.5306,UCSB-CHG/CHIRPS/DAILY
2013,8,project_area,153.6108,UCSB-CHG/CHIRPS/DAILY
2013,9,project_area,74.4268,UCSB-CHG/CHIRPS/DAILY
2013,10,project_area,116.2877,UCSB-CHG/CHIRPS/DAILY
2013,11,project_area,229.8645,UCSB-CHG/CHIRPS/DAILY
2013,12,project_area,347.5505,UCSB-CHG/CHIRPS/DAILY
2014,1,project_area,200.9570,UCSB-CHG/CHIRPS/DAILY
2014,2,project_area,255.5937,UCSB-CHG/CHIRPS/DAILY
2014,3,project_area,409.6326,UCSB-CHG/CHIRPS/DAILY
2014,4,project_area,253.2266,UCSB-CHG/CHIRPS/DAILY
2014,5,project_area,287.5112,UCSB-CHG/CHIRPS/DAILY
2014,6,project_area,263.5709,UCSB-CHG/CHIRPS/DAILY
2014,7,project_area,51.0738,UCSB-CHG/CHIRPS/DAILY
2014,8,project_area,101.8851,UCSB-CHG/CHIRPS/DAILY
2014,9,project_area,29.1881,UCSB-CHG/CHIRPS/DAILY
2014,10,project_area,52.9923,UCSB-CHG/CHIRPS/DAILY
2014,11,project_area,249.6807,UCSB-CHG/CHIRPS/DAILY
2014,12,project_area,312.4625,UCSB-CHG/CHIRPS/DAILY
2015,1,project_area,237.0357,UCSB-CHG/CHIRPS/DAILY
2015,2,project_area,374.6814,UCSB-CHG/CHIRPS/DAILY
2015,3,project_area,286.5657,UCSB-CHG/CHIRPS/DAILY
2015,4,project_area,362.1615,UCSB-CHG/CHIRPS/DAILY
2015,5,project_area,249.0453,UCSB-CHG/CHIRPS/DAILY
2015,6,project_area,127.9717,UCSB-CHG/CHIRPS/DAILY
2015,7,project_area,25.6262,UCSB-CHG/CHIRPS/DAILY
2015,8,project_area,17.2411,UCSB-CHG/CHIRPS/DAILY
2015,9,project_area,17.8128,UCSB-CHG/CHIRPS/DAILY
2015,10,project_area,40.4829,UCSB-CHG/CHIRPS/DAILY
2015,11,project_area,161.3004,UCSB-CHG/CHIRPS/DAILY
2015,12,project_area,469.1352,UCSB-CHG/CHIRPS/DAILY
2016,1,project_area,317.2561,UCSB-CHG/CHIRPS/DAILY
2016,2,project_area,309.7522,UCSB-CHG/CHIRPS/DAILY
2016,3,project_area,330.4993,UCSB-CHG/CHIRPS/DAILY
2016,4,project_area,285.6956,UCSB-CHG/CHIRPS/DAILY
2016,5,project_area,451.8140,UCSB-CHG/CHIRPS/DAILY
2016,6,project_area,235.7624,UCSB-CHG/CHIRPS/DAILY
2016,7,project_area,212.6807,UCSB-CHG/CHIRPS/DAILY
2016,8,project_area,100.7651,UCSB-CHG/CHIRPS/DAILY
2016,9,project_area,236.5058,UCSB-CHG/CHIRPS/DAILY
2016,10,project_area,399.0912,UCSB-CHG/CHIRPS/DAILY
2016,11,project_area,280.7352,UCSB-CHG/CHIRPS/DAILY
2016,12,project_area,280.4534,UCSB-CHG/CHIRPS/DAILY
2017,1,project_area,305.2798,UCSB-CHG/CHIRPS/DAILY
2017,2,project_area,316.6990,UCSB-CHG/CHIRPS/DAILY
2017,3,project_area,265.8671,UCSB-CHG/CHIRPS/DAILY
2017,4,project_area,299.5636,UCSB-CHG/CHIRPS/DAILY
2017,5,project_area,303.2643,UCSB-CHG/CHIRPS/DAILY
2017,6,project_area,250.0158,UCSB-CHG/CHIRPS/DAILY
2017,7,project_area,158.8171,UCSB-CHG/CHIRPS/DAILY
2017,8,project_area,156.2847,UCSB-CHG/CHIRPS/DAILY
2017,9,project_area,137.6811,UCSB-CHG/CHIRPS/DAILY
2017,10,project_area,201.8409,UCSB-CHG/CHIRPS/DAILY
2017,11,project_area,313.9414,UCSB-CHG/CHIRPS/DAILY
2017,12,project_area,260.0576,UCSB-CHG/CHIRPS/DAILY
2018,1,project_area,224.4194,UCSB-CHG/CHIRPS/DAILY
2018,2,project_area,307.5322,UCSB-CHG/CHIRPS/DAILY
2018,3,project_area,299.7877,UCSB-CHG/CHIRPS/DAILY
2018,4,project_area,289.3965,UCSB-CHG/CHIRPS/DAILY
2018,5,project_area,413.0924,UCSB-CHG/CHIRPS/DAILY
2018,6,project_area,189.1823,UCSB-CHG/CHIRPS/DAILY
2018,7,project_area,45.2845,UCSB-CHG/CHIRPS/DAILY
2018,8,project_area,58.9940,UCSB-CHG/CHIRPS/DAILY
2018,9,project_area,85.1945,UCSB-CHG/CHIRPS/DAILY
2018,10,project_area,156.7462,UCSB-CHG/CHIRPS/DAILY
2018,11,project_area,240.1387,UCSB-CHG/CHIRPS/DAILY
2018,12,project_area,307.6037,UCSB-CHG/CHIRPS/DAILY
2019,1,project_area,295.0726,UCSB-CHG/CHIRPS/DAILY
2019,2,project_area,346.8090,UCSB-CHG/CHIRPS/DAILY
2019,3,project_area,232.8485,UCSB-CHG/CHIRPS/DAILY
2019,4,project_area,375.3281,UCSB-CHG/CHIRPS/DAILY
2019,5,project_area,187.2716,UCSB-CHG/CHIRPS/DAILY
2019,6,project_area,171.5362,UCSB-CHG/CHIRPS/DAILY
2019,7,project_area,8.1593,UCSB-CHG/CHIRPS/DAILY
2019,8,project_area,27.5674,UCSB-CHG/CHIRPS/DAILY
2019,9,project_area,28.7784,UCSB-CHG/CHIRPS/DAILY
2019,10,project_area,143.5197,UCSB-CHG/CHIRPS/DAILY
2019,11,project_area,206.8200,UCSB-CHG/CHIRPS/DAILY
2019,12,project_area,232.7432,UCSB-CHG/CHIRPS/DAILY
2020,1,project_area,329.5655,UCSB-CHG/CHIRPS/DAILY
2020,2,project_area,278.2714,UCSB-CHG/CHIRPS/DAILY
2020,3,project_area,375.3814,UCSB-CHG/CHIRPS/DAILY
2020,4,project_area,461.2927,UCSB-CHG/CHIRPS/DAILY
2020,5,project_area,344.2048,UCSB-CHG/CHIRPS/DAILY
2020,6,project_area,183.2181,UCSB-CHG/CHIRPS/DAILY
2020,7,project_area,280.3843,UCSB-CHG/CHIRPS/DAILY
2020,8,project_area,91.7366,UCSB-CHG/CHIRPS/DAILY
2020,9,project_area,187.9644,UCSB-CHG/CHIRPS/DAILY
2020,10,project_area,245.9769,UCSB-CHG/CHIRPS/DAILY
2020,11,project_area,340.2114,UCSB-CHG/CHIRPS/DAILY
2020,12,project_area,244.3233,UCSB-CHG/CHIRPS/DAILY
2021,1,project_area,326.2174,UCSB-CHG/CHIRPS/DAILY
2021,2,project_area,644.8529,UCSB-CHG/CHIRPS/DAILY
2021,3,project_area,284.7139,UCSB-CHG/CHIRPS/DAILY
2021,4,project_area,168.3410,UCSB-CHG/CHIRPS/DAILY
2021,5,project_area,283.3173,UCSB-CHG/CHIRPS/DAILY
2021,6,project_area,309.8726,UCSB-CHG/CHIRPS/DAILY
2021,7,project_area,164.8909,UCSB-CHG/CHIRPS/DAILY
2021,8,project_area,307.9589,UCSB-CHG/CHIRPS/DAILY
2021,9,project_area,294.0110,UCSB-CHG/CHIRPS/DAILY
2021,10,project_area,351.4724,UCSB-CHG/CHIRPS/DAILY
2021,11,project_area,284.4494,UCSB-CHG/CHIRPS/DAILY
2021,12,project_area,279.3335,UCSB-CHG/CHIRPS/DAILY
2022,1,project_area,268.3251,UCSB-CHG/CHIRPS/DAILY
2022,2,project_area,299.1383,UCSB-CHG/CHIRPS/DAILY
2022,3,project_area,318.7423,UCSB-CHG/CHIRPS/DAILY
2022,4,project_area,228.3571,UCSB-CHG/CHIRPS/DAILY
2022,5,project_area,271.5357,UCSB-CHG/CHIRPS/DAILY
2022,6,project_area,391.5875,UCSB-CHG/CHIRPS/DAILY
2022,7,project_area,317.2116,UCSB-CHG/CHIRPS/DAILY
2022,8,project_area,261.9046,UCSB-CHG/CHIRPS/DAILY
2022,9,project_area,306.7513,UCSB-CHG/CHIRPS/DAILY
2022,10,project_area,319.8249,UCSB-CHG/CHIRPS/DAILY
2022,11,project_area,278.5239,UCSB-CHG/CHIRPS/DAILY
2022,12,project_area,277.6621,UCSB-CHG/CHIRPS/DAILY
2023,1,project_area,234.0273,UCSB-CHG/CHIRPS/DAILY
2023,2,project_area,315.5686,UCSB-CHG/CHIRPS/DAILY
2023,3,project_area,355.9094,UCSB-CHG/CHIRPS/DAILY
2023,4,project_area,273.8650,UCSB-CHG/CHIRPS/DAILY
2023,5,project_area,149.5554,UCSB-CHG/CHIRPS/DAILY
2023,6,project_area,151.8873,UCSB-CHG/CHIRPS/DAILY
2023,7,project_area,245.5902,UCSB-CHG/CHIRPS/DAILY
2023,8,project_area,24.0834,UCSB-CHG/CHIRPS/DAILY
2023,9,project_area,43.0333,UCSB-CHG/CHIRPS/DAILY
2023,10,project_area,107.9263,UCSB-CHG/CHIRPS/DAILY
2023,11,project_area,275.7349,UCSB-CHG/CHIRPS/DAILY
2023,12,project_area,249.2223,UCSB-CHG/CHIRPS/DAILY
2024,1,project_area,423.5165,UCSB-CHG/CHIRPS/DAILY
2024,2,project_area,225.9740,UCSB-CHG/CHIRPS/DAILY
2024,3,project_area,314.8293,UCSB-CHG/CHIRPS/DAILY
2024,4,project_area,328.5519,UCSB-CHG/CHIRPS/DAILY
2024,5,project_area,273.6027,UCSB-CHG/CHIRPS/DAILY
2024,6,project_area,213.6234,UCSB-CHG/CHIRPS/DAILY
2024,7,project_area,176.0857,UCSB-CHG/CHIRPS/DAILY
2024,8,project_area,127.2513,UCSB-CHG/CHIRPS/DAILY
2024,9,project_area,176.0848,UCSB-CHG/CHIRPS/DAILY
2024,10,project_area,176.1979,UCSB-CHG/CHIRPS/DAILY
2024,11,project_area,263.9075,UCSB-CHG/CHIRPS/DAILY
2024,12,project_area,318.6037,UCSB-CHG/CHIRPS/DAILY
2025,1,project_area,359.1102,UCSB-CHG/CHIRPS/DAILY
2025,2,project_area,348.0825,UCSB-CHG/CHIRPS/DAILY
2025,3,project_area,376.0921,UCSB-CHG/CHIRPS/DAILY
2025,4,project_area,260.6585,UCSB-CHG/CHIRPS/DAILY
2025,5,project_area,354.2945,UCSB-CHG/CHIRPS/DAILY
2025,6,project_area,230.3382,UCSB-CHG/CHIRPS/DAILY
2025,7,project_area,79.3736,UCSB-CHG/CHIRPS/DAILY
2025,8,project_area,366.7799,UCSB-CHG/CHIRPS/DAILY
2025,9,project_area,290.5039,UCSB-CHG/CHIRPS/DAILY
2025,10,project_area,302.9828,UCSB-CHG/CHIRPS/DAILY
2025,11,project_area,341.2799,UCSB-CHG/CHIRPS/DAILY
2025,12,project_area,324.0910,UCSB-CHG/CHIRPS/DAILY
