month,day,scope,normal_mean_mm,normal_std_mm,p10_mm,p25_mm,median_mm,p75_mm,p90_mm,n_years
2,29,carbon_project_zone,8.771287114085485,1.9882517972672726,5.77174755838293,7.160849202410493,8.873278725254728,10.065461528030614,12.199370442909272,8
2,29,project_area,8.581639750816146,1.9797728447987062,5.7496443769230146,6.747948700547769,8.82299140623795,10.227108455218595,11.307376505597531,8
1,1,carbon_project_zone,9.178155993875311,7.045343839540477,1.755296854346371,4.319615067039936,7.781620829851226,13.333271529704858,18.42112063639906,30
1,1,project_area,9.124362340154685,7.11042198547436,0.9659697846014437,4.2382774303433335,7.209904885438998,12.654731149849797,18.687324628073192,30
1,2,carbon_project_zone,8.424514583403672,6.695386032787987,0.09382784299431282,3.156331197207071,7.544545479691023,10.39506081163624,19.54477427478305,30
1,2,project_area,8.557797367204198,6.871900501122677,0.0,3.540799231485152,7.815454894662455,10.680178404589098,19.807332726399228,30
1,3,carbon_project_zone,9.912543944441639,5.917813598323497,3.03358673373775,5.815886864818019,8.453224482081051,13.120453609358457,18.26327895010713,30
1,3,project_area,10.072050137662497,6.212745328624708,2.8801750115051474,6.251470548897201,8.880127453840752,13.501222994367957,19.19959912728088,30
1,4,carbon_project_zone,10.507072200429924,9.141739586515717,0.2087432779641644,4.040213425519136,9.124299408022551,15.227413075458903,20.500581785995706,30
1,4,project_area,10.567202215979638,9.56332346799338,0.09067482927179853,3.6524245470808174,8.908596323524673,16.075518026925018,20.47977829971373,30
1,5,carbon_project_zone,8.36389017234945,5.823449895086654,2.1224406228474684,3.7708511066367674,7.177911438336985,10.966410110546107,16.11298231277426,30
1,5,project_area,8.131541944309326,5.761799992319726,1.6188550748975694,3.7533434596377635,7.123561614742632,11.828777409297842,15.332700752146623,30
1,6,carbon_project_zone,7.958233920291368,5.980396194224157,1.9005246816232688,4.21375385956034,5.977924793483631,9.08154489598284,19.223495687653028,30
1,6,project_area,7.952042395923467,6.319589708688766,1.1569304811109564,3.987077007492078,5.936119490485347,9.591930070716906,20.705322884631638,30
1,7,carbon_project_zone,8.498957659598679,5.720441707291156,0.6236090350699989,5.742247000982021,7.924655781590101,11.29289771700189,17.019389304383864,30
1,7,project_area,8.477054964966449,5.89002546366551,0.24477555002380041,5.526125659193208,8.252704704487453,11.1812006152466,16.93298544777193,30
1,8,carbon_project_zone,9.401394646303897,6.112742254718487,2.748151954082912,4.236483603586342,7.973466547939286,13.441513029931349,17.229617224475106,30
1,8,project_area,9.270660337994023,6.154454169937936,2.702581988736551,4.045129059183948,8.469281834703747,13.370801991417157,17.111734756887056,30
1,9,carbon_project_zone,7.778348700608542,5.832051315647538,0.5533083341793821,1.8677433663722764,7.824925461726725,10.611005400367603,16.105555771524212,30
1,9,project_area,7.920382221992896,5.982177966732752,0.35033966525126314,1.831229428205358,8.013688298054213,11.25303253040108,15.571821866858354,30
1,10,carbon_project_zone,7.881231069134251,5.869446679511185,0.9781272474684166,2.61307171311975,6.567436530142469,13.39139854748685,17.203558899799305,30
1,10,project_area,7.913365692264554,5.771749381753011,0.9588281166480026,2.598809760597711,6.301116652775251,12.714167905698758,17.34021096953258,30
1,11,carbon_project_zone,7.662607390959087,7.387888142143248,0.10007990018850438,1.7659647468974708,4.729665844965587,12.909839836070546,18.119088442385863,30
1,11,project_area,7.8867296615425095,7.516606100197818,0.0,1.6925362004153721,4.672960645382871,14.562128533383918,17.433282909297795,30
1,12,carbon_project_zone,7.30785813334675,4.719243454009517,0.0,3.7829713670744107,7.2295590395360065,10.406992990063538,13.540045558168314,30
1,12,project_area,7.389393497866489,4.9037274951804894,0.0,4.625049454680945,6.93581385889847,11.052107280501966,14.26449360134789,30
1,13,carbon_project_zone,8.831575951550706,6.686107416297773,0.0,3.3737230962686655,8.013801072861064,15.661337290653147,17.120816973092147,30
1,13,project_area,8.955627850053185,7.081271189249375,0.0,1.9168157408527677,7.600898145802768,16.409212384642732,18.28765222701159,30
1,14,carbon_project_zone,7.292667075270443,4.971115958031508,0.6523501633580535,4.288458422251013,6.791386396705269,9.850558698206127,14.81028708225862,30
1,14,project_area,6.997841055970593,5.169735725069816,0.1747770838450945,2.445916945926948,6.7202965202978096,10.617270914174744,14.185875062215128,30
1,15,carbon_project_zone,8.469275569565493,6.466946776772507,1.28669137317304,2.667064471696621,7.433223899091004,12.408340021101795,15.412614702583415,30
1,15,project_area,8.329616071039675,6.4418823787014,0.48130731911431485,3.5854472772366086,7.599249835558041,12.25094762421536,15.40579466496484,30
1,16,carbon_project_zone,7.646906806088004,5.966990632318753,0.5234076800774,3.549974712114789,6.722729501987574,10.220811713952944,16.16484845807406,30
1,16,project_area,7.602004922754224,6.042945867437542,0.49972685716919985,3.058730213502523,6.631737281985937,10.648387661516578,16.15099310011636,30
1,17,carbon_project_zone,9.309452609335981,8.40223274907323,0.8692776901175714,4.044076572637629,7.652964391487268,12.122632512491966,17.407749053610825,30
1,17,project_area,9.103132835442308,8.297029398684087,0.6599578284794818,3.2850910111090803,7.7577145538638685,12.333513973673982,16.718713096183695,30
1,18,carbon_project_zone,7.6615859491950635,6.889257299677662,0.8199195135831641,2.508592883931364,6.843665067162265,9.76991896419359,14.75326852465651,30
1,18,project_area,7.880005892316807,7.196277802131301,0.3844579596916223,2.4040541496409102,6.909233453047846,10.660421247474954,15.261818229692922,30
1,19,carbon_project_zone,9.16841565460768,5.636087287668015,2.698934730115364,5.134003521470589,7.658843794146937,13.090806225343828,18.151525129118014,30
1,19,project_area,9.109070302326371,5.77097967147294,2.8455867209171846,5.194993781657728,7.193880384710426,12.694104460979283,18.354691273626088,30
1,20,carbon_project_zone,8.531689222539828,6.247792659028076,0.7258322446353194,5.361194313023521,8.535815994303078,11.813974578030116,12.627755448142985,30
1,20,project_area,8.410803535891365,6.288791747688413,0.03830461605855239,4.7114760183222675,8.985968494911223,11.385845800393904,12.730187465303299,30
1,21,carbon_project_zone,7.40664346184777,5.864806558389063,0.320990676936311,2.747291721615924,6.427340472412461,10.745141438097408,15.526205965448087,30
1,21,project_area,7.484918752185613,6.098526508175773,0.09906947658682826,2.7944844163070295,6.534407301704028,10.898709989108363,15.668419956058862,30
1,22,carbon_project_zone,8.00040702669637,6.704706270720609,0.2738869040316764,1.855832460392617,6.770245587570504,11.793379694727227,19.33452415955736,30
1,22,project_area,7.965583421609066,6.6569843685568,0.07583409093194089,2.1083955700481987,6.79526890766088,12.279065816905721,18.08149654857918,30
1,23,carbon_project_zone,6.255733801559417,4.392428862402456,0.9114456970590724,3.116318518941558,5.774584092460111,9.70168357101966,12.499441932449592,30
1,23,project_area,6.162411846426371,4.557214568427847,0.3867431663217824,2.1530174024299775,6.124884504474734,8.764877742905464,12.71954825185297,30
1,24,carbon_project_zone,9.682907116154007,5.975015673051168,2.8648289856252758,5.919271497330292,8.11721747460102,13.346562397996312,16.85859308657756,30
1,24,project_area,9.89971048106704,6.32443487894707,1.4765844504895675,6.343922671900692,8.318366353978359,13.507460749755474,18.772821728639503,30
1,25,carbon_project_zone,9.08188313493622,6.398920808070634,1.8369740280738829,4.3251259433073495,8.027537826734779,12.813682353394828,18.719705471227066,30
1,25,project_area,9.070028155487993,6.415659415998305,1.4968794920411428,4.343495152672561,7.549096743388243,12.705644610299167,19.14724611740083,30
1,26,carbon_project_zone,7.118981824213004,5.906456896445317,0.20784328229913693,1.3508490448584594,5.5189639044506595,11.53305826016698,16.970190019773373,30
1,26,project_area,7.3163790165138165,6.2229452324452845,0.0,1.7598199155554748,5.015386434705306,13.237532445205197,16.574371582370695,30
1,27,carbon_project_zone,9.344240348969448,8.5985064525636,0.35233415157740056,2.776154705242457,7.92729310497265,13.441485524849313,21.55866486731406,30
1,27,project_area,9.379982863247976,8.719062290856396,0.0,2.917393711204705,7.886094709987452,13.448527114233357,21.838355354976215,30
1,28,carbon_project_zone,8.07918647390175,6.708345647836046,0.5997260721615404,1.7787103118422025,6.222937168946032,14.987714315147871,17.521295343614625,30
1,28,project_area,8.059904341761676,6.887353677720393,0.21674779691203902,1.9674408721446255,5.967988530779473,15.847064418675176,17.419161066619566,30
1,29,carbon_project_zone,11.16695272441085,9.07867719951058,0.24374575261581424,3.3980235463850095,9.529338813350119,18.55492678434832,23.745307849697628,30
1,29,project_area,11.134619627586071,9.125369674673575,0.11264126473472373,3.6929679227352885,9.395418262628635,16.853967628787586,23.38279356537688,30
1,30,carbon_project_zone,9.095539950344648,7.907631014593041,1.3630012958699655,4.173496999404334,7.1667371711337875,11.57492355132636,20.309614125704574,30
1,30,project_area,9.134275084135465,8.435568792095063,1.6130564011667836,4.077645700269929,6.864582421829227,11.640013385076186,20.999633928109393,30
1,31,carbon_project_zone,7.895322238186902,6.0026799488650004,0.17878749439286792,2.577002173929931,7.089230360116883,11.876564666549665,15.877632125182883,30
1,31,project_area,8.017057763183185,6.336456776316459,0.2610618256732753,1.2830673753756037,7.608743699563119,13.185429006401671,16.391989830186812,30
2,1,carbon_project_zone,8.617615164377412,8.121824847454322,0.0,2.4999472136045298,7.730846879812777,11.37628127476421,18.567229203106102,30
2,1,project_area,8.569600107094908,8.232629458927121,0.0,1.8823772599957944,7.084811403038689,11.198259531074017,18.753408583544072,30
2,2,carbon_project_zone,8.697033790525323,5.1877951282500545,2.166470728928562,3.5727728896048156,8.773388043019608,11.858860432094005,15.957137689558209,30
2,2,project_area,8.604095885520357,5.630078372411455,0.8804639231166782,3.6110840822772365,8.644087062043658,11.78414811044702,16.428317519200416,30
2,3,carbon_project_zone,10.59618437774789,6.84473416542215,2.5263846265609433,5.741412279974759,9.150391780990386,13.512774128822514,19.59069778807515,30
2,3,project_area,10.474052382701784,7.112591317950912,2.118770654584484,5.409035105183607,9.336606001725364,13.155296812072192,19.012121029003012,30
2,4,carbon_project_zone,8.689841560611644,5.594222997954111,0.6683999952381694,4.099782190716721,9.385527101370702,11.417914874541012,16.460728162268932,30
2,4,project_area,8.81593053201926,5.8807716053817165,0.701365758026326,4.205058839086026,8.770592209646258,13.175614775604755,17.209172007850206,30
2,5,carbon_project_zone,11.512251470579407,6.3553633419336695,3.8458282003232274,6.6654629698123635,10.766851521616989,14.20837850160711,20.84105136444019,30
2,5,project_area,11.587005353520388,6.2656464313465605,4.331404025547309,6.977321700065272,9.859187797331849,16.026811997769244,21.369897137621336,30
2,6,carbon_project_zone,9.818241464925045,7.547988872265387,1.0158182902001003,3.5689036245604018,7.3428193716069305,16.825931492951195,21.51951585324984,30
2,6,project_area,9.919580309765733,8.021560447196991,0.32023400481566444,3.814055866195902,7.423754327837235,17.66395849990551,22.33104410579282,30
2,7,carbon_project_zone,8.123212138872205,6.1055952297718985,0.0,3.5189100850455683,7.725744850997128,12.167404149047343,17.35229473892492,30
2,7,project_area,8.03654205137084,6.351518757508724,0.0,3.3024554203030507,7.757295966240216,11.15889528829989,17.22623635679254,30
2,8,carbon_project_zone,9.962743816283666,6.765599245919442,0.860117522722242,4.217957659094752,9.436535625080808,13.508182147604465,19.877473144672507,30
2,8,project_area,10.48921687670347,6.939312380881237,0.8340852466772077,4.577705294031575,10.397467414017635,14.01027694505242,19.88900981992713,30
2,9,carbon_project_zone,7.25602207123347,6.37494719683704,0.0,2.2642838260897538,6.471482427717886,11.629144064529061,15.65105433015696,30
2,9,project_area,6.93698848890046,6.475576429107003,0.0,2.0433330422006146,6.281249570598588,10.637514935803525,15.558611566829388,30
2,10,carbon_project_zone,8.962752474876043,7.714589730887198,0.8252213544420258,2.7426383642159187,8.352829656131103,11.162108871906472,18.973853690058803,30
2,10,project_area,9.022846744640033,7.950785576652635,0.33775129634169476,3.5324622028046657,8.243308248890935,11.253236868348438,19.501111212974337,30
2,11,carbon_project_zone,7.731743550319152,7.597605910274355,0.0,0.544828349621548,5.903610781931567,11.420725239127412,22.36775697135556,30
2,11,project_area,7.73955273060353,7.683535742568751,0.0,0.1410917622282619,6.037763173848345,11.313836550124806,22.43412659752351,30
2,12,carbon_project_zone,10.021059496048432,6.921592850837918,0.7715577195950166,5.3486271445982645,8.177168972825028,16.718595088881344,18.300920470788498,30
2,12,project_area,10.11733668969421,7.053064502839007,0.43239456681514565,4.880601705498247,8.420271476354731,16.790495650610314,19.384319885302396,30
2,13,carbon_project_zone,8.401090196868246,6.9170524760343515,0.5097116678353382,2.7535578586344673,7.5387156033377725,11.206322592710878,19.606763963249445,30
2,13,project_area,8.230309543789629,7.469164948472166,0.27147817969873256,1.8398595074843191,7.427203858853856,10.390584358448978,19.189665942419843,30
2,14,carbon_project_zone,7.3051292606804505,5.462894134198317,0.2266653325895126,2.0468001356256926,6.428042140075729,12.473305774990282,13.837274776586025,30
2,14,project_area,7.466680029323912,5.685112463603562,0.0029369437914967354,2.0593542338152333,6.817002625880513,12.837179937421448,15.36329691068417,30
2,15,carbon_project_zone,12.750220338088944,8.738530110087824,0.9982900150039886,4.791626583030882,12.902568410798324,18.243375833321256,25.04092068369694,30
2,15,project_area,12.894531154865234,8.999360292822653,0.5480764978012796,4.743694872812056,12.32469562720077,17.897947759951574,25.235672813901914,30
2,16,carbon_project_zone,10.821574405735703,6.117820026181207,1.5643298217801533,7.787731622194748,11.21178497313839,14.999868176597994,18.945975760602852,30
2,16,project_area,10.835614360532947,6.218840688093182,0.7846577765394249,6.979129578923958,10.965256949602548,13.66117934379813,19.063341260323725,30
2,17,carbon_project_zone,11.366706607243625,10.850539231019871,0.0,3.3790321296932344,7.8576991737531845,16.634367651226167,29.085821661659715,30
2,17,project_area,11.105693807320899,11.087856267797223,0.0,2.1676245999446455,8.384118083078064,17.127394431177382,28.98593266682559,30
2,18,carbon_project_zone,9.760733135008987,7.273258733038418,1.198745843792591,3.7355921715473968,8.735493247529348,15.343350920387747,19.938538403696064,30
2,18,project_area,9.904822495370016,7.337002617069555,1.1535692492324878,3.8127018908506547,9.314204638838216,15.347958657701138,21.38548062211376,30
2,19,carbon_project_zone,11.205143734862157,7.636768422536003,3.2547846406846968,4.7914436244864795,9.384612989567689,17.365019752445324,22.048553840297558,30
2,19,project_area,11.64662362106286,7.661086842323817,3.80387266147853,5.227032648855806,10.247496311029046,17.65582310106427,24.2567764055931,30
2,20,carbon_project_zone,12.00900665827626,11.331737907019383,0.1535204695803093,4.40605877897164,10.10314699627892,14.733705334570493,21.297388858715316,30
2,20,project_area,11.782758653601686,11.147279939387822,0.05484654806060674,3.818877748054422,10.160684403083724,15.650613539575247,21.066712385700736,30
2,21,carbon_project_zone,12.573431073454902,8.846793988151754,1.6117299340078748,5.261173605803724,12.062235791486273,17.37856729624448,21.53562695203513,30
2,21,project_area,12.346705726415118,9.073736246216171,0.8783353517529411,4.856369113334338,11.822470768941754,17.165191508221145,21.40876230326566,30
2,22,carbon_project_zone,8.520112290978274,8.823850746092463,0.2162510621492038,2.163818501002008,6.459727417355553,10.96125010333954,21.242937583236987,30
2,22,project_area,8.498390311213965,9.013319731666126,0.16015564871862967,1.8133193439989137,6.587661597045434,10.696238710259438,21.744049258886022,30
2,23,carbon_project_zone,10.166005699197456,6.683770177673215,0.09906226459898401,3.360269052359317,11.169715915876315,15.268365061430895,19.063114027223843,30
2,23,project_area,10.09029438919328,6.873464627428187,0.0,2.936321092496852,10.96234334819306,15.446537457188398,19.289791420354682,30
2,24,carbon_project_zone,10.172005291790072,6.019372930129254,0.06209709279261969,7.276520215703021,9.70922428222694,13.223021802071537,17.76553158241085,30
2,24,project_area,10.343862831004781,6.1862839149018525,0.0,7.054455442678397,9.533103773424916,14.241337916516743,18.36213711028107,30
2,25,carbon_project_zone,9.816197626689766,7.185340109402314,0.412483513691137,4.228739265849713,9.101345323303283,13.768652818529644,21.83931393758472,30
2,25,project_area,9.705067203328985,7.576106582784693,0.511463112382933,2.2036000796936692,9.430159404483526,13.608584635063021,22.883768104808908,30
2,26,carbon_project_zone,4.946100102921381,4.037535061841321,0.0,1.159952669064217,4.198185451066047,7.219749510355416,11.756485812004932,30
2,26,project_area,4.946127162719912,3.9965591204458106,0.0,1.0544753493899008,4.152939987614269,6.835809827861142,11.797375706568339,30
2,27,carbon_project_zone,6.532502137544629,4.336034753546426,0.35758097981546744,3.699941728545395,5.792151077226286,9.975624066546159,12.40190405915505,30
2,27,project_area,6.346627950230561,4.190922942598273,0.22066775203118522,3.835018830416934,5.914014244024485,9.951293109561703,11.859462316855446,30
2,28,carbon_project_zone,6.578427366588718,5.387661613957213,0.2175810160104865,2.6870697535594825,5.580652176163042,9.60907823928906,15.615541841802994,30
2,28,project_area,6.681994480741105,5.528440137090723,0.048825017935689684,2.492834677038649,5.871800915899188,10.477262530010911,15.653738900582852,30
3,1,carbon_project_zone,11.052700540733841,7.827687339864117,0.04796515354076036,4.715484979206036,11.350923440802251,15.446134009197747,22.026067791344396,30
3,1,project_area,11.318403972254453,7.650439082420667,0.013170389254765444,5.344712197872452,11.49547296716546,16.732235146230103,22.133511954720476,30
3,2,carbon_project_zone,10.116804432131936,8.743331829757098,0.6006912538115095,4.154807805899855,7.094835913098773,13.411956031509423,22.41977403114391,30
3,2,project_area,10.16940172204129,8.859672120790394,0.0,4.180911950043794,7.770659739871972,14.111324854734681,23.046493114785896,30
3,3,carbon_project_zone,8.90872718327506,6.789407853489093,0.057390996941889066,3.177405377705686,8.15965502846742,11.800536619025792,20.280620857130366,30
3,3,project_area,8.825196560272882,6.884536847719927,0.0,2.563879273705563,8.617563030752821,12.347178020168709,19.70708316169645,30
3,4,carbon_project_zone,7.81309022998129,7.843324647392582,0.35478172155801574,1.7469464328779991,4.866570864240435,12.552474975931414,20.02998651095086,30
3,4,project_area,7.6554676057745015,7.940536402226571,0.0,1.1321588991603058,4.39767121423742,12.245008689413083,19.562411120749772,30
3,5,carbon_project_zone,11.58960169333802,8.982305409734696,0.0035917933600245608,4.248196132208794,11.938508776147433,17.07576433784277,23.08866128593688,30
3,5,project_area,11.616818008134471,9.500198983554624,0.0,3.9537469711619657,12.49954347011672,17.714059418632733,23.541857129436437,30
3,6,carbon_project_zone,9.39862030216994,8.805396161901761,0.49572922827022464,3.6559555405408095,6.940035169471232,11.539420589351206,21.66341959606755,30
3,6,project_area,9.324633701314788,8.93525837995918,0.33955847353707475,2.7804828940995483,7.575389702670932,11.230609128030684,22.33370578748236,30
3,7,carbon_project_zone,10.98592209306526,7.094401462353174,0.28813086262725823,5.762387161035311,11.147460362546937,14.763393577487545,21.366770705994803,30
3,7,project_area,11.335693597407849,7.665825938302851,0.01883470727409163,5.799030970351538,11.297469121282017,16.031416322490653,22.616075714490446,30
3,8,carbon_project_zone,9.595065226761772,7.708352950794317,0.22619989307543598,2.895990996578814,8.738443633646728,12.298866043956819,17.95713423863065,30
3,8,project_area,9.468128210453115,7.823660916836336,0.0,2.1691258907869155,8.501682792955261,12.573097515914403,18.81404235642203,30
3,9,carbon_project_zone,9.56891474382368,7.597499463461403,1.708411604094056,3.9085748712714397,8.490737953406374,11.943750396363694,22.857794513987983,30
3,9,project_area,9.36525854054144,8.21258724269335,0.872619371568477,3.8853498217872184,6.496671504066979,13.289349270528195,23.55463564561218,30
3,10,carbon_project_zone,9.598005684304466,7.503543198651573,0.9881924399621742,4.035108476766851,8.857209483257833,12.904507704430632,18.60758669845456,30
3,10,project_area,9.651795868789105,8.0218720992085,0.15107986555995856,3.9551911163954596,8.926737515511242,13.57642588391326,19.3906595624283,30
3,11,carbon_project_zone,9.985189829311311,6.8703657196224786,1.4436339608061772,6.060046773316913,10.160215889768427,11.413582840051804,18.953850154081337,30
3,11,project_area,9.720319652578802,7.024898110505561,0.8336824254923498,4.566543962261159,9.472328854360272,12.204500520174236,19.119484115822477,30
3,12,carbon_project_zone,9.063514397833098,7.441667778443295,0.09243720043417605,3.4877146607799583,7.974217081641904,13.215810999396611,18.372848406196546,30
3,12,project_area,8.893937946743517,7.574911031807445,0.0,3.6080886454354446,7.571311563391164,12.630837639234102,19.15273326130237,30
3,13,carbon_project_zone,8.677353676444236,6.220859058393028,1.0294652918536311,4.278974870901487,7.050368767279085,12.662532599147744,19.032253378313953,30
3,13,project_area,8.81399449697506,6.533244063908732,0.7941977815194563,4.440259207195052,7.495816846382452,13.697952724568466,20.120566132439677,30
3,14,carbon_project_zone,10.629281289685093,8.102549540884722,1.0638427769306718,4.145647257619233,8.911528678230955,16.21274123908125,21.578811534993065,30
3,14,project_area,10.719802633168209,8.640980877855588,0.9866440403626768,3.925645263150955,8.847698765010424,16.06867628325299,23.33261518485741,30
3,15,carbon_project_zone,8.276755931368708,7.447446727718764,0.5928196600143354,2.9883330879801036,6.113089057677918,12.208433161916568,18.428619345764936,30
3,15,project_area,8.076931841341608,7.808028915654954,0.016861579083882056,1.8769973158285322,5.903507000217084,11.1728801051347,18.55239219786757,30
3,16,carbon_project_zone,11.48751704276603,8.952366409536031,0.6901281829848418,3.1599507563702622,11.111878450740997,15.426249176115059,24.22156695155701,30
3,16,project_area,11.744413185646184,9.46522093579303,0.03366419493876547,3.8700195810827887,10.508412693884045,15.883108122139388,25.289286067562955,30
3,17,carbon_project_zone,10.762525027407822,7.236756927620237,1.3104006985960863,5.441023006433066,10.916697786349907,15.34143745071971,20.792472762121818,30
3,17,project_area,10.77300137398974,7.484360497553697,0.9892729446865929,4.130955973832376,10.613696740845505,15.741039197691048,20.164448658013015,30
3,18,carbon_project_zone,10.14400063833228,11.09231720912196,0.7526431006138459,2.365058990400821,5.8889438798511655,14.31373162047718,20.75389751238708,30
3,18,project_area,10.102711883727626,11.473668739825953,0.5135190009336076,2.13609807278232,6.001405662491068,13.265318220311947,19.147630007314756,30
3,19,carbon_project_zone,13.906352440745831,12.2807609542693,1.0726305862264613,5.550670645314127,11.563656378552405,20.008063433884686,27.317660553523297,30
3,19,project_area,14.168684411428497,12.772315890609491,0.548398949515838,5.925472924081131,11.495452836041089,19.504703253553537,27.401776536954756,30
3,20,carbon_project_zone,8.790431033672487,8.773918368543416,0.0,1.7578133396663984,7.923782461028496,11.608997026055627,21.60122272062755,30
3,20,project_area,8.581760383429868,8.978058259417288,0.0,0.6117105781572809,6.989139772710521,12.069056164869357,21.694783386721266,30
3,21,carbon_project_zone,9.669759820632388,8.557992349957805,0.0,2.7248902917004227,8.593581608826938,12.950882393080454,23.792231945652944,30
3,21,project_area,9.68660032938215,8.604646505314596,0.0,1.6311015898622978,7.695354080622662,13.943358443367465,23.57449942156787,30
3,22,carbon_project_zone,8.95189131016586,7.736418541525702,0.0,0.7153971134378335,9.125167356522411,12.330496052385932,19.621773220340785,30
3,22,project_area,9.172821185176472,8.125619530012733,0.0,0.7472099936890125,8.468386692240351,13.60454600672876,21.818721843610742,30
3,23,carbon_project_zone,12.31351409120426,11.12998270381498,0.0,4.43576104881644,10.780581711408036,16.842637697714885,29.19523592410581,30
3,23,project_area,11.671827392995693,10.743762153048865,0.0,4.719009324104651,9.505972420673341,14.605793215277016,28.69699769945835,30
3,24,carbon_project_zone,9.202243089318909,9.299649931667341,0.005838334742730182,0.740196151868519,5.583759004780681,14.43075090697606,23.146630117655597,30
3,24,project_area,9.30244379135726,9.391797935291907,0.0,1.617729365917494,6.23179024623245,14.591587694841099,23.84782817146995,30
3,25,carbon_project_zone,13.459186713390222,8.990261219687849,1.0206150783469108,6.783289819845463,13.600918783118152,17.951613385134937,23.574560787496964,30
3,25,project_area,13.698806828949227,9.378778214231424,0.5126124955656348,6.1469726727813345,13.272387856144018,20.21023159732437,23.143116451742472,30
3,26,carbon_project_zone,13.73607198917328,11.21326194006789,2.95553932236389,9.474045494408484,11.604324543155577,14.084749327978827,25.158196756026335,30
3,26,project_area,13.84521474829685,11.32327577060914,2.6383032855708355,8.932816586068308,11.563743718416191,14.14073371225954,25.172607537961706,30
3,27,carbon_project_zone,10.69811307201637,8.153036283299487,0.0,5.68998728556979,9.143936288066962,14.514645643845363,23.859384855811783,30
3,27,project_area,10.620291352226113,7.948652676079956,0.0,5.9336348461627235,9.872252572758356,15.346632285551593,23.059709333675485,30
3,28,carbon_project_zone,8.948295514195115,7.9930707896064455,0.0,3.573613683683363,6.605402716546603,12.339769449312316,19.253420702099433,30
3,28,project_area,8.800201902431775,8.117326710794908,0.0,2.1553092934133824,6.812072706700109,12.96162984900188,19.526209245110152,30
3,29,carbon_project_zone,10.912129299301444,9.025771573009111,0.29195520038517214,2.871801024338528,9.371437768470912,13.756067501291373,24.509667643217085,30
3,29,project_area,11.28231955974238,9.467566113918556,0.0679096589654179,1.6773943987392315,10.254814819764283,16.445275964832454,25.72698807257166,30
3,30,carbon_project_zone,11.835710643691307,7.763553971821992,0.9356388695054614,6.938723834772804,11.422995738256882,16.721879956726482,20.798043686993125,30
3,30,project_area,11.550716603172702,7.7228082294598925,0.19193144204620222,6.808697750645536,10.76841469795568,16.385715068029516,19.78523537429345,30
3,31,carbon_project_zone,11.248361424947332,8.295198381116657,2.254078863650162,6.881766425567133,10.056926277692986,13.408322828746108,19.326628027321576,30
3,31,project_area,11.096829597072597,8.344270801720688,2.283755819951808,6.499063296016819,9.597850251914174,13.447450623122865,18.39202862913693,30
4,1,carbon_project_zone,9.565415927443548,7.758837847404933,0.029662323466362224,3.099454490751906,8.04195943214221,14.049898639122192,20.725136463470527,30
4,1,project_area,9.516622101758527,8.013131343318156,0.009821038033084253,2.892832518542309,8.32892362840003,14.881046675386708,20.041032340750675,30
4,2,carbon_project_zone,10.381462065573954,8.260750173975136,1.5921080401699585,3.830021806950155,7.9318256623271655,16.495686573138503,23.96192430862577,30
4,2,project_area,10.636067950514324,8.738392520336188,0.7099908458984504,3.176410247621992,8.637367564559167,15.708529339365672,24.26124526833533,30
4,3,carbon_project_zone,11.836587192167988,8.136406995230473,0.2780467382645841,5.55177864497112,12.259279115383146,16.753382637120353,24.33427760440204,30
4,3,project_area,12.124018781366994,8.277249904330494,0.32300438305997337,4.891253636412335,11.96192322508396,17.32985459747961,24.40704776877064,30
4,4,carbon_project_zone,9.71293669378982,6.42845418003355,0.3167561865278995,4.3221990408058275,10.975416636681942,13.879743785179484,19.67041653493544,30
4,4,project_area,9.805250521292733,6.608384590528046,0.16488581629490082,4.3838281137366515,10.851473528541657,14.448771635446414,19.486581723017757,30
4,5,carbon_project_zone,11.613080454698627,6.309953059503101,3.6102693416784013,7.438082057177167,11.434838480140211,14.775403125565171,18.907984727708406,30
4,5,project_area,11.569601840261441,6.72405929995119,2.469266278166984,7.22172185930155,11.468648018381446,14.953339543291158,20.00456438979309,30
4,6,carbon_project_zone,11.67501711904129,10.267789462220462,0.7075803363175424,2.6204229285609144,8.91359343848891,19.155090586303455,28.16144989358689,30
4,6,project_area,11.60655186167116,10.669372402453783,0.16667228679994958,1.162833159252749,8.560366714588483,19.158600857151306,28.36027000056945,30
4,7,carbon_project_zone,11.007866771475921,10.108921797313192,0.5524345087152884,2.7564911734863977,6.169291371443942,19.249269718978738,27.12840754343603,30
4,7,project_area,10.979503518976674,10.263298176174509,0.23968859776877477,3.1893359723921364,6.492040222249523,19.26650426861685,27.260949688810047,30
4,8,carbon_project_zone,10.329548773824804,7.497986493532233,0.10385128951191692,2.3979517529310566,9.701126147057387,16.977320629470572,20.56105611067504,30
4,8,project_area,10.154050536494287,7.533400723405055,0.0,2.4064471142134063,9.5108866055133,16.096775877824733,20.490735372336147,30
4,9,carbon_project_zone,8.768439985009353,7.544245268905968,0.08317259820143663,1.6243838338801257,7.066958520842759,14.31937334177057,20.353003773783698,30
4,9,project_area,8.880327756226096,7.935927248821067,0.0,0.5921312480567967,7.310664246372523,14.772950488723852,21.079844945384465,30
4,10,carbon_project_zone,10.693149341407338,9.492259962879212,0.27070320892441463,2.6771037248074965,8.367522945728036,16.971114595852654,22.788957593214917,30
4,10,project_area,10.975084638687425,9.935219661721087,0.3341357625320623,1.7708682866970822,8.538188334514253,17.825622356727788,24.66596625325125,30
4,11,carbon_project_zone,8.845635457112582,7.448064588662433,0.06405793893089656,4.640097099501351,8.094719952305548,13.199863287854013,20.66087363353963,30
4,11,project_area,8.686622397401852,7.446020406598076,0.0,3.8062741047428648,7.447782037346315,13.110460129283794,20.296327240478092,30
4,12,carbon_project_zone,12.52141772361089,14.538067978989652,0.6990275654388192,2.2985444260457344,8.189992794004391,17.329814990348737,27.892614836854804,30
4,12,project_area,12.958308626601928,14.817599333727726,0.44199802093954044,3.118788421980589,8.505815344387653,17.680475610430324,28.637829467217976,30
4,13,carbon_project_zone,8.81269213905313,7.7550842296307305,0.0,1.501999474400926,6.846277319546234,12.396796115679628,20.63996736052493,30
4,13,project_area,8.479167186099565,7.468599605104856,0.0,1.2633560392632508,7.476224610820205,11.882350578513828,19.691016430112725,30
4,14,carbon_project_zone,8.787534081569289,8.509796026309447,0.10094266004213828,2.503598953748244,7.989150431954213,13.175096853020074,17.296985563535543,30
4,14,project_area,8.694181892708993,8.544557858273174,0.058752456688550295,1.9029542371194426,7.301165639343908,13.44492807336875,17.85060663785332,30
4,15,carbon_project_zone,8.507822036878796,6.768512668264193,0.23218569197414424,2.5479683160513154,7.794255254004165,12.642529950704649,17.69028434479338,30
4,15,project_area,8.61024824769055,6.9083448271859345,0.034793753653351446,2.6495725795374083,8.24111733552304,12.601709313679182,18.55652098993675,30
4,16,carbon_project_zone,11.406084766849473,8.634391370858285,2.3122628666682434,4.462217934349274,7.885311781160498,18.10605397813275,24.44535832772833,30
4,16,project_area,11.376852632276087,8.940957540189208,1.6949537739915361,4.259350274946363,7.459660619267697,17.842372541986002,25.54400662905629,30
4,17,carbon_project_zone,7.448444866015447,6.496700012785404,0.1683526141039704,1.8982636754667483,5.562356924438722,12.297471281526702,17.495501190044894,30
4,17,project_area,7.093082055252029,6.465674839115177,0.026787826203050893,1.5723822282165154,5.14581078979745,11.056773647137893,18.018821943338928,30
4,18,carbon_project_zone,10.921591029058797,9.425624534412526,0.14078518991557856,4.0222766355431,8.348564332866605,18.009708453330266,24.744751786018718,30
4,18,project_area,10.779072894661871,9.39746619000304,0.030471063817410698,3.576500213017633,8.924318902297822,19.29494717528897,23.20523899306869,30
4,19,carbon_project_zone,8.268095412530652,7.554433928361299,0.5757070422374074,2.0986186919091807,7.029301195247529,11.37913544760332,20.828084615286066,30
4,19,project_area,8.531999433998823,7.629213646955204,0.7695969464415211,2.4726656895756536,7.409344327008964,11.791813642659063,19.93037597332236,30
4,20,carbon_project_zone,9.855142606886242,9.098148558128008,0.028121695927693785,2.659892881344605,9.211268086706724,14.170304653859912,24.057728992032843,30
4,20,project_area,9.896324870845998,9.268566256959684,0.0,3.2031503552097385,9.531484201435685,13.515840923106543,23.886456648814843,30
4,21,carbon_project_zone,9.139206944123332,6.94636177320503,0.38998204801724046,3.6230411988259736,8.917861688618805,12.35435896249156,16.49895987574402,30
4,21,project_area,9.041376703530627,6.949718667537814,0.17690513075224606,4.191760938597387,8.343059726782684,11.846788120747348,17.584180129878508,30
4,22,carbon_project_zone,7.584953104193798,7.224489381631782,0.0,1.3298474578077408,6.565941813803585,10.489426221964228,20.89854158389359,30
4,22,project_area,7.7163053232703875,7.572370077737979,0.0,0.42333405319090434,6.456611214644736,10.6410224334852,21.37897639006423,30
4,23,carbon_project_zone,11.991317019036877,7.925670770778366,2.5451677714812924,5.760363089713934,10.216114670599627,18.996281334482852,23.508861980928046,30
4,23,project_area,11.80559724561361,8.092417379266312,1.6507507017103293,5.655446445262304,9.9685610012942,19.428956679092902,23.480663230679994,30
4,24,carbon_project_zone,8.768010760976747,8.650429735517276,0.0,0.8881981016222625,6.97438436016294,12.662157524881524,21.486341933431767,30
4,24,project_area,8.911024522747699,9.019107529953859,0.0,0.2386671916362134,6.8488270586187205,13.217629800775939,22.21162281822534,30
4,25,carbon_project_zone,10.345116144110026,9.43957128337434,0.1297325646890724,2.35155783120301,9.245915051340345,12.880715184541087,21.70926822558096,30
4,25,project_area,10.454635940255665,9.701126199530332,0.0,2.285389330243844,9.154548225307318,13.188035813979633,21.4195010531665,30
4,26,carbon_project_zone,7.770296867895784,9.687060456031633,0.0,0.6265948237552866,3.9436369851541055,14.216637331282836,19.63461766920886,30
4,26,project_area,7.764848197694308,9.689375044579066,0.0,0.14014869570181074,3.990447317552861,13.988353137977318,20.34204720697712,30
4,27,carbon_project_zone,12.980024659897866,11.19606313533824,0.0,4.804717755820549,10.165617073557264,21.835661394011474,28.50379868279984,30
4,27,project_area,13.42259671633894,11.648269316413009,0.0,5.14877477761226,10.464971294709827,21.41669885660357,33.446137106290024,30
4,28,carbon_project_zone,7.458218787571584,6.658601426992896,0.0,0.08335479962962046,6.08408175687862,12.195632441956299,18.294044144428824,30
4,28,project_area,7.237449170123265,6.383131413962571,0.0,0.0,7.049525163941465,12.379615360856608,16.093347410391587,30
4,29,carbon_project_zone,8.99048809720424,6.022415083388269,0.0,5.808605917063223,10.044501689748666,12.40129516739293,17.211020946445103,30
4,29,project_area,9.257186552204107,6.2532321151645816,0.0,5.908525843466009,10.224690312964519,12.331344383890716,17.640281608916574,30
4,30,carbon_project_zone,9.05383050794578,7.888780864040658,0.0,2.1250421850026044,8.891131374364196,14.618396596965377,17.464040857028547,30
4,30,project_area,8.855228844360017,8.103351452426027,0.0,1.1281317263060984,8.136798591753367,13.835363273444276,18.24216471173914,30
5,1,carbon_project_zone,10.049451022462772,9.43456233349874,0.0,0.6000892402392195,9.091333898364049,16.489767703547837,22.868840889584483,30
5,1,project_area,10.05220103164361,9.72497989664574,0.0,0.13483791174984128,8.281990787556802,17.41454596769277,24.52181572667991,30
5,2,carbon_project_zone,10.549410590363898,12.741570256474391,0.0,0.17042439779669474,5.549253267925961,16.57959011521936,30.989126655257397,30
5,2,project_area,10.596377683944072,12.86064463231565,0.0,0.012051290466531951,6.048853507073157,17.41454596769277,30.136525435513825,30
5,3,carbon_project_zone,8.391633930781072,9.795995141683953,0.0,0.0,3.9460935417225036,13.754332781106717,21.41924211879491,30
5,3,project_area,8.455134395580751,10.085954857541202,0.0,0.0,3.7535299255594454,14.624201146773823,21.81188350833252,30
5,4,carbon_project_zone,9.02565597734263,10.219975181328408,0.0,0.04999553844407068,4.214571784658145,16.812940296660756,23.539263662595594,30
5,4,project_area,9.133152902245707,10.60661281589031,0.0,0.0,4.383676907268621,16.826039407947587,24.119589049753685,30
5,5,carbon_project_zone,9.794860919930791,15.53174142124536,0.0,0.0,6.127771100787182,14.716312573931486,24.106565656628973,30
5,5,project_area,9.748458758301167,15.92969888849115,0.0,0.0,5.765110367986566,14.364181271319397,24.20575768958622,30
5,6,carbon_project_zone,7.592800230600661,6.558107906625682,0.0,1.1739347880828248,5.054640501233771,12.863142589731234,17.531421800067395,30
5,6,project_area,7.518138090919459,6.654595625862929,0.0,0.7973714398309153,5.0641867258515685,12.386964582698923,18.075291351287508,30
5,7,carbon_project_zone,10.916121221180473,8.85223977598047,0.0,4.957120561653473,9.166581024890972,16.328959997524443,20.63123862898075,30
5,7,project_area,10.787398757999474,9.021252664819576,0.0,4.5600084927857205,8.633622161780007,17.148017082449474,21.347796806752775,30
5,8,carbon_project_zone,6.126968404970736,6.209269955274311,0.0,0.867212249161329,4.303131668181105,10.645241667080032,16.519817926038808,30
5,8,project_area,6.2938755948970915,6.208500668266341,0.0,0.0,4.6474648906931115,10.668777029944128,16.747101419603883,30
5,9,carbon_project_zone,7.101359982956423,7.98201048322144,0.0,0.2041917269864418,4.109324867301969,12.696754141027384,18.919951291538013,30
5,9,project_area,7.128318012914844,8.418153191294245,0.0,0.0,3.4224747187000215,12.658094886271353,17.74290866660778,30
5,10,carbon_project_zone,9.278613855721948,12.090070560405758,0.0,0.0,4.840439183396084,16.04733773349583,24.91810465906959,30
5,10,project_area,9.295348296761821,12.3803927417864,0.0,0.0,4.6372916057407405,15.674032998929963,24.839895492709466,30
5,11,carbon_project_zone,11.795844736532624,11.71285570201537,0.0,1.812691984420774,10.292558493197319,14.108738888789823,28.783776343646124,30
5,11,project_area,11.995592904501107,11.86784771273134,0.0,1.0570578755142144,10.767834882155773,14.583761357195758,29.78264833745677,30
5,12,carbon_project_zone,9.776494939080733,9.362008632668804,0.0,0.12175343611873378,7.9436711710521575,14.342878558213076,24.795346626892236,30
5,12,project_area,9.640201989670382,9.254376215723939,0.0,0.0,8.118169980717735,14.38519650798733,25.01586010441391,30
5,13,carbon_project_zone,5.45023267014424,7.978649177741905,0.0,0.0,2.2684486031705027,6.273528684953275,15.75329580385315,30
5,13,project_area,5.371810067018364,8.042483010611674,0.0,0.0,1.8544418687813085,6.601164514000869,15.807068121818986,30
5,14,carbon_project_zone,9.179440513038404,10.513602801796294,0.0,0.0,3.9640282477863815,18.091982777693328,27.588323119219858,30
5,14,project_area,9.001570893068711,10.273571612818397,0.0,0.0,4.519252020240014,17.01649206298158,26.37147358679809,30
5,15,carbon_project_zone,7.008803708932828,10.207890220475724,0.0,0.0,2.28391270504311,9.542823636959838,23.69678986542775,30
5,15,project_area,7.135444853914415,10.331078004103238,0.0,0.0,2.4450859746139475,9.47023257727983,24.160394792747795,30
5,16,carbon_project_zone,4.4934348318386546,8.220925529601814,0.0,0.0,0.08922675937639689,5.093781870241768,17.495821971763565,30
5,16,project_area,4.113253329855758,7.680729267617163,0.0,0.0,0.0,3.329755470455152,16.498256839111516,30
5,17,carbon_project_zone,9.59716667839437,12.964645383102056,0.0,0.0,3.753721691016662,12.694653757642273,35.726692014223445,30
5,17,project_area,9.651269513696173,13.494507802986695,0.0,0.0,2.4564898518274303,11.681102390098276,36.8938610300261,30
5,18,carbon_project_zone,6.581804270256943,8.59564341707552,0.0,0.0,2.7091073723369856,10.31381826204218,21.9552589855492,30
5,18,project_area,6.683084742681272,8.556092914521093,0.0,0.0,2.135860146745144,11.91890635953295,21.204470956637792,30
5,19,carbon_project_zone,10.554077366333695,15.985528976566721,0.0,0.0,2.2035490836263794,19.34880139374383,34.87119015133376,30
5,19,project_area,10.58581130074564,16.03055190282796,0.0,0.0,1.9321042027996027,16.936825103862628,36.997175044014206,30
5,20,carbon_project_zone,5.9139786682145274,9.451347241841582,0.0,0.0,0.5845913972337933,8.67444979113823,15.57787358071796,30
5,20,project_area,5.730448140486365,9.44453175362238,0.0,0.0,0.3783269305534098,7.362992566245364,16.64915618654025,30
5,21,carbon_project_zone,3.429451251711649,6.481922731530526,0.0,0.0,0.0541647494347885,2.817797507262425,15.482834621781677,30
5,21,project_area,3.5546688167052087,6.767657972411504,0.0,0.0,0.0,2.945462385844009,16.75626555686739,30
5,22,carbon_project_zone,5.130899483426966,8.162206970942492,0.0,0.0,1.2320615982514151,8.891432721379527,13.369435416963093,30
5,22,project_area,5.02262855871869,8.035734443763713,0.0,0.0,0.8229489021852773,8.460480461502664,12.809935124519239,30
5,23,carbon_project_zone,6.8115343363683305,9.187708168274472,0.0,0.0,0.7616456863941958,10.883144417893117,19.702858168728355,30
5,23,project_area,6.979632985236438,9.646334022180545,0.0,0.0,0.5191426738201195,11.174202148278797,19.685708192537305,30
5,24,carbon_project_zone,6.403555995325681,10.49297711842718,0.0,0.0,0.6444645872862321,9.899897869956453,20.990851239408777,30
5,24,project_area,6.485594906080008,10.494448416455906,0.0,0.0,0.870815023527307,9.886614572652869,20.21953619389762,30
5,25,carbon_project_zone,6.572600251462064,9.507870747863777,0.0,0.0,0.05296072927655238,12.510238318565365,21.661094682033536,30
5,25,project_area,6.810595919590579,10.113217495637558,0.0,0.0,0.0,12.35398714384423,21.872683622620325,30
5,26,carbon_project_zone,7.092246353225751,9.843017197918565,0.0,0.0,0.9841160624139724,15.699737541150817,21.980223596969324,30
5,26,project_area,6.885895796127056,9.783494844833667,0.0,0.0,0.7444885531081624,14.106903687096525,21.13368916878899,30
5,27,carbon_project_zone,9.470606286210446,12.06152319299186,0.0,0.04001767023848443,2.938288616157158,15.323788926367634,26.98372021832341,30
5,27,project_area,9.802230948411811,12.36044299154653,0.0,0.0,3.790364844084521,15.623145890346107,27.481518971717968,30
5,28,carbon_project_zone,6.228208475513284,9.2234751142397,0.0,0.0,2.740340229624654,7.050029880316086,24.311255534246833,30
5,28,project_area,6.168868249529255,9.545962414887661,0.0,0.0,1.9429022543970351,7.9112444557651385,23.70693142535323,30
5,29,carbon_project_zone,10.888957945121271,15.297473223316828,0.0,0.029148393889552936,5.778761474104668,14.151861901867505,30.88037645342729,30
5,29,project_area,10.953170908868895,15.304757628121301,0.0,0.0,7.3936134797215285,12.970434051816383,31.89028836049725,30
5,30,carbon_project_zone,6.6086762645320976,7.926471255527365,0.0,0.0,2.3231648293464313,12.998099738322022,19.329402643707976,30
5,30,project_area,6.577214640908568,8.195205608777554,0.0,0.0,2.0695030500047564,13.69769183659958,18.197331116085607,30
5,31,carbon_project_zone,8.92727108137405,11.156543036224102,0.0,0.0,5.079744564740291,14.27953553710309,25.573841713876313,30
5,31,project_area,9.232320040951155,11.686108597968198,0.0,0.0,4.378553304172627,14.221018020838546,26.644036580675007,30
6,1,carbon_project_zone,6.858491039480851,8.997971935496683,0.0,0.0,3.1466458182349486,10.451670873032695,23.018593558058267,30
6,1,project_area,6.727426375033124,8.47031799156925,0.0,0.0,3.0946118936792177,10.372794104467372,20.830430440432483,30
6,2,carbon_project_zone,9.655560412061696,11.586460441895587,0.0,0.0,5.646764642824548,11.860844619031154,28.603756036376087,30
6,2,project_area,9.622428048517254,11.756481155424884,0.0,0.0,6.115880501793786,11.04339540078203,30.042504897653973,30
6,3,carbon_project_zone,9.194860006276327,11.148284510425343,0.0,0.0,2.170898641687413,18.70097290461928,25.11124957914879,30
6,3,project_area,9.530828338426753,11.901995563555452,0.0,0.0,2.371191392602465,19.650552526644454,26.099408611127153,30
6,4,carbon_project_zone,7.1683185242295995,8.148738369445118,0.0,0.0,4.879213771388604,13.722951245526723,17.256062054399933,30
6,4,project_area,7.64572665143852,9.085128094727548,0.0,0.0,4.09647485003082,14.245410697669568,18.777345235064878,30
6,5,carbon_project_zone,8.540246385701554,11.782620833200156,0.0,0.7384077228606946,3.975005575221357,15.047393232204932,20.504464634910825,30
6,5,project_area,8.726252718683872,12.682609999069681,0.0,0.5628011098077008,3.4970383176634603,15.37961500892286,21.738977624014456,30
6,6,carbon_project_zone,4.449129766357928,6.126757481799256,0.0,0.0,2.260802044420883,8.108771541348556,11.381301530776746,30
6,6,project_area,3.999728468998801,5.775265875135813,0.0,0.0,1.7740823039655877,6.8068041926356075,10.43579820455131,30
6,7,carbon_project_zone,5.389659302882612,8.618851863747162,0.0,0.0,0.22662923770180418,7.938322571525057,14.958177366285117,30
6,7,project_area,5.305235758186551,8.740813646553143,0.0,0.0,0.0,7.900633179351619,14.594993578359052,30
6,8,carbon_project_zone,10.36032878712155,11.098510879924389,0.0,0.16418680738201272,5.579824560564932,18.401223824385415,26.931793569347704,30
6,8,project_area,10.494059951255183,11.316681556770076,0.0,0.23111449221065858,7.529999873946738,18.97791802717835,26.382228315886806,30
6,9,carbon_project_zone,8.727362177063986,10.97873144361188,0.0,0.0,5.7386274525478544,11.461220028626514,20.324761792784663,30
6,9,project_area,8.457320067450274,11.53046290644152,0.0,0.0,5.266482722042889,11.505410267318528,21.670526983925303,30
6,10,carbon_project_zone,5.927333776989095,9.044179651152689,0.0,0.0,1.4919362857786664,6.694683134834118,16.168388461494693,30
6,10,project_area,5.766308959609861,8.709702582505031,0.0,0.0,1.0087722186314858,8.121277870492685,16.9334472189148,30
6,11,carbon_project_zone,8.186529092957135,12.120345607928039,0.0,0.0,1.6035020226269905,11.818565503696066,23.212186919032533,30
6,11,project_area,8.398074097151653,12.870933487574966,0.0,0.0,1.0550919604044298,11.691136572504263,24.916869681311315,30
6,12,carbon_project_zone,7.889286388175021,11.234083461142138,0.0,0.0,2.241284170658994,10.848274260322706,28.521313100059988,30
6,12,project_area,7.940624566343589,11.543101123643076,0.0,0.0,1.696576389032079,11.103455872675303,28.521446254477482,30
6,13,carbon_project_zone,7.914756445378674,11.028400376456686,0.0,0.0,1.0794957766156132,14.503318955675256,18.85046314532928,30
6,13,project_area,7.974595414343925,11.802477962807929,0.0,0.0,1.260061438455145,14.380190286136735,18.771082843580672,30
6,14,carbon_project_zone,3.748056208638569,6.893290311631373,0.0,0.0,0.0,4.637399302725054,14.941901515808834,30
6,14,project_area,3.608449059704909,6.875794339912602,0.0,0.0,0.0,4.2939220169108525,14.424271069891832,30
6,15,carbon_project_zone,4.699961049859473,8.371969305014474,0.0,0.0,0.0,7.2525362917774645,17.398894487304823,30
6,15,project_area,4.968020921725156,8.82868009109773,0.0,0.0,0.0,8.36251616808593,18.62475661632644,30
6,16,carbon_project_zone,7.3563275162611825,13.08238301132548,0.0,0.0,0.0,8.270417908465989,28.47583783396467,30
6,16,project_area,7.970679833653895,13.885790994261523,0.0,0.0,0.0,10.17209430872384,32.87433804955063,30
6,17,carbon_project_zone,4.209979863621817,7.149869855139084,0.0,0.0,0.0,8.63004364788465,11.3875160303079,30
6,17,project_area,4.253004096365,7.258271914304794,0.0,0.0,0.0,6.9951539465752886,12.369097486299065,30
6,18,carbon_project_zone,6.298527689003901,9.669007605219479,0.0,0.0,0.03421643964143752,11.990173440569931,18.321584116777267,30
6,18,project_area,6.104970598441244,9.764080687561535,0.0,0.0,0.0,11.318366438288171,18.08266378606229,30
6,19,carbon_project_zone,6.244242428171584,10.278545119824917,0.0,0.0,0.033027349837331875,8.236305450782782,18.542444483436565,30
6,19,project_area,6.482634929515916,10.629601646645805,0.0,0.0,0.0,9.42252398474007,19.172049109759428,30
6,20,carbon_project_zone,7.350174021133893,10.482352723025038,0.0,0.0,0.0,14.650841967300636,26.838165632520315,30
6,20,project_area,7.110282349171674,10.307712647753704,0.0,0.0,0.0,12.486508463123359,24.81425770038082,30
6,21,carbon_project_zone,5.36809654369361,8.204895500856741,0.0,0.0,0.0,8.464160145854935,17.188707680964008,30
6,21,project_area,5.336179644775564,8.20364487862186,0.0,0.0,0.0,9.750827545010255,16.00412447041099,30
6,22,carbon_project_zone,5.973635351634195,11.780832498030707,0.0,0.0,0.0,5.670412865224006,20.073826497523523,30
6,22,project_area,6.134746347088415,12.422698083526006,0.0,0.0,0.0,6.975760269238513,20.469437150631922,30
6,23,carbon_project_zone,3.6038811659100216,6.102982251259876,0.0,0.0,0.0,8.765075542945597,11.44375856656649,30
6,23,project_area,3.6497043960940614,6.460434655956292,0.0,0.0,0.0,8.853815064040832,11.92730438810284,30
6,24,carbon_project_zone,6.124715094687454,11.24532717972192,0.0,0.0,0.0,5.934760785567321,25.71068648794119,30
6,24,project_area,6.220308389795947,11.695808616299372,0.0,0.0,0.0,6.884907301842524,24.864829511873896,30
6,25,carbon_project_zone,5.468449438245874,10.726925298868833,0.0,0.0,0.0,5.7424760342335235,23.140675213386462,30
6,25,project_area,5.203339787018135,10.349155968883158,0.0,0.0,0.0,5.252877639511884,21.520705070811537,30
6,26,carbon_project_zone,7.304808168805549,9.558355964453535,0.0,0.0,2.345690982504141,12.11053008853554,21.457207642705562,30
6,26,project_area,7.169553283461559,9.270734420799078,0.0,0.0,1.4033966275227638,12.8420442910334,21.530726732752175,30
6,27,carbon_project_zone,5.563949330620916,8.014303974144882,0.0,0.0,0.41333909423200427,10.63766875061277,19.25270014234526,30
6,27,project_area,5.6608084720483385,8.353282712664067,0.0,0.0,0.0,11.084991620758831,19.37713241613885,30
6,28,carbon_project_zone,6.181826817323343,9.666003072254838,0.0,0.0,0.0,9.453034118914292,19.639208764466392,30
6,28,project_area,6.624478549092747,9.956325828296823,0.0,0.0,0.0,11.37186533956572,21.97651321641837,30
6,29,carbon_project_zone,3.307620736990024,6.761959235916967,0.0,0.0,0.0,1.4078078663036302,14.182819139168584,30
6,29,project_area,3.5002984085692836,7.155443636518542,0.0,0.0,0.0,2.038172350091449,13.971028469192962,30
6,30,carbon_project_zone,6.378919962724932,13.167335374014908,0.0,0.0,0.0,6.7852032688999495,23.18785442766255,30
6,30,project_area,6.608149076270395,13.947903564470282,0.0,0.0,0.0,6.016798125393402,23.99909019139588,30
7,1,carbon_project_zone,3.7895135159308997,7.506962050937849,0.0,0.0,0.002984625650976153,2.039915340416214,13.495214447040826,30
7,1,project_area,4.2860761046103475,8.738883542997685,0.0,0.0,0.0,2.1677937584775626,15.32621934546161,30
7,2,carbon_project_zone,5.248683551072704,11.356223640779579,0.0,0.0,0.2548034401489636,3.7474719391719784,17.223553201691995,30
7,2,project_area,5.1669579976389945,11.773453976660862,0.0,0.0,0.09777675364711802,3.702059882447606,18.632481967906926,30
7,3,carbon_project_zone,8.589161643411638,16.069052404224227,0.0,0.0,0.0,12.015785331926452,26.67325102444183,30
7,3,project_area,8.765223104891314,16.912253212740314,0.0,0.0,0.0,11.84964111883578,27.338777841147735,30
7,4,carbon_project_zone,5.247280469145078,8.396569676635819,0.0,0.0,0.20449021106909446,7.314549748092589,16.63543876488799,30
7,4,project_area,5.187749058911294,8.578925344310889,0.0,0.0,0.06053109547390226,7.514402787380482,16.168327609820434,30
7,5,carbon_project_zone,6.925006783888906,12.45770501053163,0.0,0.0,0.3369400830703395,7.586441987725084,23.112908153751967,30
7,5,project_area,6.917098444195117,12.88043667578566,0.0,0.0,0.2631582866648129,9.392954140855647,22.027146587937565,30
7,6,carbon_project_zone,4.001320937237979,6.329041275426863,0.0,0.0,0.0,6.494469019856511,14.713645898361094,30
7,6,project_area,3.947094744982693,6.309231343290953,0.0,0.0,0.0,7.826140646574495,14.36337869248148,30
7,7,carbon_project_zone,3.2646114648959097,6.839285350584336,0.0,0.0,0.0,2.5694453107084247,14.197503089386567,30
7,7,project_area,3.375917333508371,6.999644208573492,0.0,0.0,0.0,3.176035690013726,15.344056126424821,30
7,8,carbon_project_zone,3.003087526807742,5.524961285350882,0.0,0.0,0.0,3.2635928329456423,12.02039497174266,30
7,8,project_area,3.049760912042676,5.393519081962199,0.0,0.0,0.0,4.156282668855782,12.047320267085116,30
7,9,carbon_project_zone,3.9447836931380817,8.751633932410046,0.0,0.0,0.0,2.656019263328167,12.536230595056951,30
7,9,project_area,4.278827187290361,9.718787928967373,0.0,0.0,0.0,3.8218157206918866,12.367136684790232,30
7,10,carbon_project_zone,5.21343567312861,7.629088488383258,0.0,0.0,0.7857515080849188,7.078410947904401,17.911929930720888,30
7,10,project_area,5.0748674291507,7.355159755447465,0.0,0.0,0.8121774349769202,7.788136872745626,18.410683804098376,30
7,11,carbon_project_zone,4.9478264191962795,8.44076014279981,0.0,0.0,0.0,8.065174380624724,12.57643792998136,30
7,11,project_area,4.971099700447714,8.692604657846662,0.0,0.0,0.0,7.5872259779226265,13.405612134602844,30
7,12,carbon_project_zone,6.5650995851873795,8.597304508800418,0.0,0.0,0.7853492705109153,13.143264396891961,22.172863698662088,30
7,12,project_area,6.329903939142862,8.376699416632054,0.0,0.0,0.8115215948302132,12.224114641386484,21.773464706719203,30
7,13,carbon_project_zone,7.02787142575974,9.663687171091935,0.0,0.0,0.3286005106933487,16.74572446983115,22.853315160117504,30
7,13,project_area,7.12207530607734,9.722580111712462,0.0,0.0,0.1517718672201336,17.646185823875506,23.194298677892643,30
7,14,carbon_project_zone,4.648150455475697,8.792693648411595,0.0,0.0,0.0,4.773603058114678,22.98332359318264,30
7,14,project_area,4.5179786264284125,8.758307450355701,0.0,0.0,0.0,4.911748915864801,21.943119800880623,30
7,15,carbon_project_zone,2.9492982071724154,5.990514463552707,0.0,0.0,0.0,4.440626009058364,6.944382673683344,30
7,15,project_area,3.006528787822312,5.9691229444845275,0.0,0.0,0.0,4.657310746483883,6.644919237939895,30
7,16,carbon_project_zone,3.919795275226164,7.536526301024941,0.0,0.0,0.0,3.071696572479582,16.73327869997376,30
7,16,project_area,4.12737512766519,7.779784627216202,0.0,0.0,0.0,3.8331500683065918,16.104181922088237,30
7,17,carbon_project_zone,4.481135573118055,10.120712915839844,0.0,0.0,0.0,1.3118609923745215,21.064232993981932,30
7,17,project_area,4.3170289467589695,9.727594539862553,0.0,0.0,0.0,1.6391564987840934,20.63239303153175,30
7,18,carbon_project_zone,4.1526314259707835,7.549733642987108,0.0,0.0,0.007960710754296262,4.375498280396996,18.13001093216093,30
7,18,project_area,4.1839582377356885,7.47156729287575,0.0,0.0,0.0,5.721861845539606,17.90191100650282,30
7,19,carbon_project_zone,6.933809944576719,11.112614464849127,0.0,0.0,0.0,13.0950162590001,25.31529000925952,30
7,19,project_area,6.889908801162309,11.081892181541287,0.0,0.0,0.0,12.805109087417968,26.215071167343385,30
7,20,carbon_project_zone,3.0907169501516143,6.38894111318949,0.0,0.0,0.0,2.0233200829139637,12.686738710705924,30
7,20,project_area,3.1542457610261585,6.269955335006442,0.0,0.0,0.0,2.4542834856109743,13.540891102539554,30
7,21,carbon_project_zone,1.1625251200552535,2.1801549548305634,0.0,0.0,0.0,1.5431119993753695,5.039319341087893,30
7,21,project_area,1.1062446750704302,2.15050347076087,0.0,0.0,0.0,0.9568152598497128,5.1534142700384145,30
7,22,carbon_project_zone,4.631431869778061,10.548973227663604,0.0,0.0,0.0,4.859278123710028,14.19019814655412,30
7,22,project_area,4.826681508972636,11.153611211520007,0.0,0.0,0.0,3.9763612745355577,15.868404682777332,30
7,23,carbon_project_zone,4.475375880560347,8.826681933691562,0.0,0.0,0.0,1.7661890102131435,20.893005784478014,30
7,23,project_area,4.48966485336002,9.09297718427481,0.0,0.0,0.0,0.32340975461645377,22.280683796651928,30
7,24,carbon_project_zone,2.896181990620735,5.261514689360747,0.0,0.0,0.0,4.587918825683877,11.8998789057565,30
7,24,project_area,2.8424595243023427,5.3021302487714035,0.0,0.0,0.0,4.949282208282518,11.47702590388767,30
7,25,carbon_project_zone,6.09344787032671,12.397195358332754,0.0,0.0,0.0,2.4586568776967352,30.73267314829816,30
7,25,project_area,6.103243002064362,12.781189987595269,0.0,0.0,0.0,1.1810602258276683,31.3815680215098,30
7,26,carbon_project_zone,4.996817583478424,10.166790628743673,0.0,0.0,0.0,3.2183658610486576,19.582686765377037,30
7,26,project_area,5.172337214295903,10.32359034580897,0.0,0.0,0.0,3.5543446679512045,19.009481143694263,30
7,27,carbon_project_zone,2.5031869712034838,7.066361127126414,0.0,0.0,0.0,1.756647883550189,7.544983183084295,30
7,27,project_area,2.269789740727936,7.493554535680878,0.0,0.0,0.0,1.5517021037397105,4.289730012876044,30
7,28,carbon_project_zone,4.068331586742646,9.848918488708444,0.0,0.0,0.0,0.46169036583630974,18.942712239608003,30
7,28,project_area,4.367993559237929,10.731000815155797,0.0,0.0,0.0,0.36261182683641996,22.409399698254514,30
7,29,carbon_project_zone,0.2870264667928657,0.7613462072738394,0.0,0.0,0.0,0.0,1.5821831034224423,30
7,29,project_area,0.2444124559194049,0.7092328500457775,0.0,0.0,0.0,0.0,1.1018127549227286,30
7,30,carbon_project_zone,0.9626908183664038,2.8624352945839946,0.0,0.0,0.0,0.0,2.6418748171293798,30
7,30,project_area,0.9370835518126743,3.1420363252664125,0.0,0.0,0.0,0.0,1.7697283305996927,30
7,31,carbon_project_zone,4.034113226346729,8.988322977508663,0.0,0.0,0.0,0.6732812551192242,17.57594917914925,30
7,31,project_area,3.9206994650911295,8.78606290218337,0.0,0.0,0.0,0.23695187970927023,17.136932658855283,30
8,1,carbon_project_zone,2.484548143655188,6.089921347751534,0.0,0.0,0.0,0.0,13.574137491854351,30
8,1,project_area,2.387208365922594,6.050890799747994,0.0,0.0,0.0,0.0,13.01471635051795,30
8,2,carbon_project_zone,3.2735087379327763,10.0002691806645,0.0,0.0,0.0,0.5197095182317789,6.011934826558692,30
8,2,project_area,3.1013459644197625,9.841369546788767,0.0,0.0,0.0,0.11422441148978353,5.059627623697643,30
8,3,carbon_project_zone,0.3815098916007042,1.2809347332960819,0.0,0.0,0.0,0.0,0.8222284429489058,30
8,3,project_area,0.30649649144810903,1.0162206957496533,0.0,0.0,0.0,0.0,0.5441342265286321,30
8,4,carbon_project_zone,1.9030889878915087,4.739236617523862,0.0,0.0,0.0,0.0,8.887008536497266,30
8,4,project_area,1.9508100442783494,4.9564012775929305,0.0,0.0,0.0,0.0,9.58383151976096,30
8,5,carbon_project_zone,2.277341145990052,7.040927563677188,0.0,0.0,0.0,0.0,6.6638317589137195,30
8,5,project_area,2.450336476454811,7.3158257490967955,0.0,0.0,0.0,0.0,8.82653505390708,30
8,6,carbon_project_zone,3.9930988601176223,9.979686151963444,0.0,0.0,0.0,3.1443776771884426,9.424121917685605,30
8,6,project_area,4.027432489777811,10.418561610438946,0.0,0.0,0.0,1.7170322522727663,10.05621321901151,30
8,7,carbon_project_zone,2.99868327844663,6.375361380678124,0.0,0.0,0.0,0.910804915247745,14.05919843709636,30
8,7,project_area,2.857739149210816,6.220684323577993,0.0,0.0,0.0,0.6978501037383117,13.555107560932914,30
8,8,carbon_project_zone,5.782283214937244,13.681459634154308,0.0,0.0,0.0,6.712919426471056,16.56888172473333,30
8,8,project_area,6.070978342360206,14.368888299337828,0.0,0.0,0.0,7.015862081010464,17.440596443478974,30
8,9,carbon_project_zone,4.765530112995934,12.621806379325188,0.0,0.0,0.0,0.8420919036926652,19.129783072077764,30
8,9,project_area,4.886839847321014,13.292963950155437,0.0,0.0,0.0,0.3310156397532976,20.169267964565154,30
8,10,carbon_project_zone,3.310349891706281,7.5588632632213875,0.0,0.0,0.0,0.12116004813794178,13.10279236521588,30
8,10,project_area,3.5452614579588926,8.00059890442099,0.0,0.0,0.0,0.0,15.02315616919925,30
8,11,carbon_project_zone,2.6089242229707086,7.980020700363472,0.0,0.0,0.0,0.2998296676713129,5.711847297927641,30
8,11,project_area,2.627921309529909,7.962246568176383,0.0,0.0,0.0,0.13958074462432157,7.264216794438649,30
8,12,carbon_project_zone,3.176027173052431,7.599812088801535,0.0,0.0,0.0,0.2036626481948469,14.09064337938923,30
8,12,project_area,3.2293588128834427,7.94917582984157,0.0,0.0,0.0,0.09518406460942766,13.762908704659239,30
8,13,carbon_project_zone,1.8964493036410885,4.591485775065572,0.0,0.0,0.0,0.0,10.503093481562868,30
8,13,project_area,2.027085896075905,5.1051072530608215,0.0,0.0,0.0,0.0,10.90464830554689,30
8,14,carbon_project_zone,3.1650721243471556,5.903745780879885,0.0,0.0,0.0,4.175373359686932,12.778569410281413,30
8,14,project_area,3.243792223177265,5.977793189828379,0.0,0.0,0.0,4.028069396783097,14.23904960695511,30
8,15,carbon_project_zone,3.879869873898109,7.471539006824142,0.0,0.0,0.0,0.873376401874528,16.996648289792265,30
8,15,project_area,3.823882385248029,7.411347094789389,0.0,0.0,0.0,0.2379843237220047,16.473537470232728,30
8,16,carbon_project_zone,3.3715921642926765,8.381208795143976,0.0,0.0,0.0,0.9563378697335287,14.194563138736388,30
8,16,project_area,3.3685369797919864,8.27634427045369,0.0,0.0,0.0,1.9527306461187284,13.358611134424786,30
8,17,carbon_project_zone,4.218927990233515,8.846415226584359,0.0,0.0,0.0,1.9945343030744693,19.900708152061306,30
8,17,project_area,4.212776206812617,9.12743384181025,0.0,0.0,0.0,1.8137874463673551,19.573273490867557,30
8,18,carbon_project_zone,1.4755833253961839,4.059927662311282,0.0,0.0,0.0,0.0,6.962587257165529,30
8,18,project_area,1.5338915063255494,4.236562006388367,0.0,0.0,0.0,0.0,7.542659798737484,30
8,19,carbon_project_zone,5.321989416338582,9.370977330293696,0.0,0.0,0.001657242401536903,6.923211514287632,19.966743952601146,30
8,19,project_area,5.344478377246279,9.613747549693446,0.0,0.0,0.0,6.844309923369639,19.725837474060352,30
8,20,carbon_project_zone,2.805464104040421,6.0715758002565865,0.0,0.0,0.0,1.9463488106335287,15.805651715519232,30
8,20,project_area,2.808736286017303,6.304279619773734,0.0,0.0,0.0,1.786858794869186,16.320814729655286,30
8,21,carbon_project_zone,3.9860058009714048,10.259929241952383,0.0,0.0,0.0,0.25007178652518763,16.088565300309778,30
8,21,project_area,4.082097436410375,10.635000557179488,0.0,0.0,0.0,0.21789828507668801,15.876487865102678,30
8,22,carbon_project_zone,1.9068722186959677,4.191993827289034,0.0,0.0,0.0,0.4775786707701074,8.92098894226361,30
8,22,project_area,2.0339163798335647,4.579554065394911,0.0,0.0,0.0,0.22756292860386734,9.417119518817847,30
8,23,carbon_project_zone,3.599611211744335,7.189455651302787,0.0,0.0,0.0,1.6685384407728276,15.939780607793164,30
8,23,project_area,3.446368595512328,7.1396032490267025,0.0,0.0,0.0,0.8965221389967415,16.881275755231297,30
8,24,carbon_project_zone,4.149037731378056,8.42319944797917,0.0,0.0,0.7039402196265672,2.5808323015435035,12.583390529509652,30
8,24,project_area,4.023102666505741,8.514339845805692,0.0,0.0,0.15810183604435854,2.6717342248499305,12.82136211478839,30
8,25,carbon_project_zone,3.714772516818833,8.086518255333,0.0,0.0,0.0,2.0545948583556535,15.120919258578002,30
8,25,project_area,3.845822366159821,8.225336660255586,0.0,0.0,0.0,3.2611587822712815,16.235174492805143,30
8,26,carbon_project_zone,4.253076859186001,9.727286775241659,0.0,0.0,0.0,1.6749316261425395,18.948593006715974,30
8,26,project_area,4.332423178091622,9.844013165777733,0.0,0.0,0.0,2.326741007333176,18.405415976176094,30
8,27,carbon_project_zone,3.591859279758578,7.67738870471973,0.0,0.0,0.0,3.0060562037976344,15.044517027527561,30
8,27,project_area,3.9324688794218585,8.010123875940716,0.0,0.0,0.0,3.9663337573799406,15.41465062316283,30
8,28,carbon_project_zone,5.639595751460288,8.908810403778483,0.0,0.0,0.6537146521466805,8.39685163116363,15.890967552029672,30
8,28,project_area,5.305464167149789,8.375478293446518,0.0,0.0,0.3215170768082418,7.185989560258042,15.728557877805091,30
8,29,carbon_project_zone,2.932756346069096,6.3650696920088174,0.0,0.0,0.030585203687458713,2.0307202764878696,7.799714827476118,30
8,29,project_area,3.0918003762478574,6.64304343888253,0.0,0.0,0.0,2.5473289776289225,8.458509341043023,30
8,30,carbon_project_zone,3.1452931887873286,6.541223256800503,0.0,0.0,0.0,1.6710222880250303,15.668543255073857,30
8,30,project_area,3.4200852049150163,7.82960951082778,0.0,0.0,0.0,1.981969413845491,15.016617113067117,30
8,31,carbon_project_zone,4.209903173220686,11.114520119423627,0.0,0.0,0.0,1.2400013359824043,12.369114289017347,30
8,31,project_area,4.370087599123694,11.759425902052797,0.0,0.0,0.0,0.4682610958860541,12.308373712244311,30
9,1,carbon_project_zone,3.4795810254803214,6.070012137312144,0.0,0.0,0.0,6.327233696920516,13.785984662204445,30
9,1,project_area,3.4784790460427852,6.139534852463686,0.0,0.0,0.0,6.803975533079845,14.357439796068636,30
9,2,carbon_project_zone,2.9452358866386645,5.737964814291452,0.0,0.0,0.0,4.117821543962555,9.432717229697733,30
9,2,project_area,3.078696299881952,5.822661375568174,0.0,0.0,0.0,2.951418392188009,9.404168656041332,30
9,3,carbon_project_zone,4.20456899588653,8.268483478460517,0.0,0.0,0.0,6.1786146175456365,12.572439986368519,30
9,3,project_area,4.16186245435559,8.443010553896887,0.0,0.0,0.0,5.369829724859935,12.97473464936064,30
9,4,carbon_project_zone,3.8443503439154516,6.3511583861505265,0.0,0.0,0.00865661552842545,6.050499275712993,14.105775054670765,30
9,4,project_area,3.8864110069292974,6.593449819114277,0.0,0.0,0.0,5.877339565698832,13.860140850161919,30
9,5,carbon_project_zone,4.446766004030628,9.71916410916608,0.0,0.0,0.0,0.8472605111268462,17.480462704970055,30
9,5,project_area,4.439268235090028,9.906812598035426,0.0,0.0,0.0,0.3101375940584439,17.807168413935166,30
9,6,carbon_project_zone,4.419057234235798,10.154117851739185,0.0,0.0,0.2179846875411534,3.638150852403286,10.764763695321172,30
9,6,project_area,4.210171951758415,10.055906057749523,0.0,0.0,0.11363891038027676,2.1801474912691927,11.376160505556363,30
9,7,carbon_project_zone,3.944668336854569,6.0290273983773295,0.0,0.0,0.16269246540751325,5.009261782360123,14.336360093495866,30
9,7,project_area,4.126482907738144,6.12384553488925,0.0,0.0,0.17651906981490245,6.658316542812049,15.014630731246871,30
9,8,carbon_project_zone,3.5511874976745705,6.463971970613122,0.0,0.0,0.0,5.402823606352743,13.5941174416952,30
9,8,project_area,3.851416308067367,7.263396708940157,0.0,0.0,0.0,5.055941155768689,15.169069127051966,30
9,9,carbon_project_zone,2.702605404241972,5.48944270457938,0.0,0.0,0.0,2.8912464845364756,9.823376449558243,30
9,9,project_area,2.742096224708868,5.475461674276084,0.0,0.0,0.0,2.9646343555766377,10.568777332687965,30
9,10,carbon_project_zone,3.140414461912705,5.001833931304739,0.0,0.0,0.0986877940085329,5.015447347103886,11.040804608819029,30
9,10,project_area,3.280727607242928,5.132118925770499,0.0,0.0,0.05135368125280724,5.7973611665249605,11.198369403925074,30
9,11,carbon_project_zone,4.436684366072049,8.495215643235179,0.0,0.0,0.0,7.2344804078441305,15.616586877420275,30
9,11,project_area,4.3794546126462155,8.71160742498261,0.0,0.0,0.0,4.8484340599395095,15.717894224980945,30
9,12,carbon_project_zone,2.834507514373478,5.485099228976454,0.0,0.0,0.0,4.665905374851881,8.386942660975546,30
9,12,project_area,3.034721022361386,5.965167580645589,0.0,0.0,0.0,5.437289318979614,8.92788201350093,30
9,13,carbon_project_zone,6.213861410150344,9.291630145236082,0.0,0.0,1.0368283662487392,8.714692552238246,18.468192598570603,30
9,13,project_area,6.25881266410864,9.594608468134854,0.0,0.0,0.7779910408293338,8.872140297720723,17.864889997363278,30
9,14,carbon_project_zone,1.7231740237296387,3.375288986364407,0.0,0.0,0.0,1.383636523360236,5.7714083898261315,30
9,14,project_area,1.6989686468257374,3.500616336569562,0.0,0.0,0.0,1.6786831885530327,5.868249287131388,30
9,15,carbon_project_zone,4.4486346278923214,6.765860566415068,0.0,0.0,0.0,9.453502257498656,13.414517858757367,30
9,15,project_area,4.5095409828723705,6.991935649897634,0.0,0.0,0.0,8.971190898921714,14.042503915692699,30
9,16,carbon_project_zone,4.966918822716287,7.72692557289151,0.0,0.0,0.000993781842104149,8.163708802640697,18.28306893115457,30
9,16,project_area,4.988061192654234,7.73465691258139,0.0,0.0,0.0,8.057478962032746,18.11984223081445,30
9,17,carbon_project_zone,4.155244753304832,7.127319212807998,0.0,0.0,0.7514627231739315,5.679738309164207,11.421589073150596,30
9,17,project_area,4.068615501390461,6.801423445299577,0.0,0.0,0.8821579134794891,4.692649783448923,11.766799918308465,30
9,18,carbon_project_zone,3.6150791331646626,6.380510229480304,0.0,0.0,0.0,4.474378857131244,16.45657308204146,30
9,18,project_area,3.652820446611774,6.407680618679326,0.0,0.0,0.0,4.715491308820634,15.868139037916952,30
9,19,carbon_project_zone,3.1716494644205784,5.47359995728876,0.0,0.0,0.2458515314592522,4.262569186250246,10.570526265422423,30
9,19,project_area,2.979876294148906,5.318099676694867,0.0,0.0,0.010650772756347305,4.39782130699863,10.106396436874967,30
9,20,carbon_project_zone,2.4241893182089442,5.743822404005906,0.0,0.0,0.0,2.247693273487,6.746414806067012,30
9,20,project_area,2.4444293881838726,5.865867718681245,0.0,0.0,0.0,2.0503003504270767,6.5505800002895995,30
9,21,carbon_project_zone,3.617770311389767,7.857758422293698,0.0,0.0,0.0,0.6765466752096067,14.893762361387221,30
9,21,project_area,3.6849659665860335,7.952791756694293,0.0,0.0,0.0,0.15908838457245675,14.992397360606997,30
9,22,carbon_project_zone,2.7802988174213326,4.73575794989996,0.0,0.0,0.0,3.5035326360715713,9.637311587355175,30
9,22,project_area,2.6274227657529963,4.886114002189359,0.0,0.0,0.0,2.967324896292253,9.465684486555945,30
9,23,carbon_project_zone,5.498154876246685,8.868968493014677,0.0,0.0,0.0,7.4204542786578696,21.80355567372454,30
9,23,project_area,5.655049881058959,9.084913165234658,0.0,0.0,0.0,6.974095190067322,21.621951519065355,30
9,24,carbon_project_zone,3.9068773298033737,5.699902829384761,0.0,0.0,0.0,7.611253528122051,14.102695808723878,30
9,24,project_area,3.692958992359941,5.524927544631318,0.0,0.0,0.0,5.069356045664184,13.372223466313308,30
9,25,carbon_project_zone,3.4885693083258795,6.363262999662472,0.0,0.0,0.03970377782974203,3.0847897047083688,15.129065704986754,30
9,25,project_area,3.4081842686175445,6.489561094328961,0.0,0.0,0.027915785465108228,2.3181549163739006,15.46655153181226,30
9,26,carbon_project_zone,5.01715159389712,8.669937391829402,0.0,0.0,0.0,8.322465554851396,19.08165252368014,30
9,26,project_area,4.882424682724703,8.644560172260855,0.0,0.0,0.0,7.85476653270986,19.050612404460352,30
9,27,carbon_project_zone,5.235264944863071,7.518203697474928,0.0,0.0,0.7156649205495992,12.302444938606847,14.371273355118568,30
9,27,project_area,5.2024478100083345,7.470127512318623,0.0,0.0,0.5154744390346604,12.383304560680417,13.894037335973309,30
9,28,carbon_project_zone,4.983518250214524,8.444349834073163,0.0,0.0,0.0,7.043561262893247,14.99747124669863,30
9,28,project_area,4.92825767547581,8.413691589235343,0.0,0.0,0.0,4.8414342687199765,14.6116597099554,30
9,29,carbon_project_zone,3.1173553845838007,8.215916151315309,0.0,0.0,0.0,2.359026280180341,9.138992168864583,30
9,29,project_area,3.191814949191652,8.724657641701663,0.0,0.0,0.0,2.3347226182925866,9.379983365352057,30
9,30,carbon_project_zone,3.0286121706311815,6.584060898760667,0.0,0.0,0.004554576026205278,2.4960901339912813,13.096383572968284,30
9,30,project_area,3.1616230820011473,6.915262079249301,0.0,0.0,0.0,2.567579688570349,11.718246809047617,30
10,1,carbon_project_zone,5.526256337852887,7.53896205521822,0.0,0.0,0.1348833747194923,10.974913548048983,18.065827006246522,30
10,1,project_area,5.426350820857436,7.50714930877457,0.0,0.0,0.02314664788532698,11.262836054403719,18.677322106295268,30
10,2,carbon_project_zone,6.304315890402429,9.426174244563262,0.0,0.0,0.414067680815379,10.33762401571751,23.22484725094747,30
10,2,project_area,6.287588807935892,9.51913315577668,0.0,0.0,0.5252986854323989,10.206469281979814,24.53147076201182,30
10,3,carbon_project_zone,6.149285889602427,8.602252670358485,0.0,0.05536648392619727,3.4429345811033296,6.8827474313434065,18.551476954281416,30
10,3,project_area,6.433028235944286,9.012667447296247,0.0,0.0,3.5721327580729696,8.090786245644368,19.50275420536429,30
10,4,carbon_project_zone,7.498480658449809,10.415166313911172,0.0,0.0,1.8606564875597962,8.844887644134076,26.561708364984185,30
10,4,project_area,7.758073999664236,10.915314195601198,0.0,0.0,1.6827693520047817,9.390678467111341,27.477146218113255,30
10,5,carbon_project_zone,5.221459776104561,7.071399981865606,0.0,0.0,1.8311555873290135,7.26501132343687,17.613537867371345,30
10,5,project_area,5.138521624145658,7.375620439657722,0.0,0.0,2.0148393047057978,6.277930039470479,19.455751337880166,30
10,6,carbon_project_zone,8.808190264572225,11.052864328401258,0.0,0.0,1.7693300306739448,16.361970009156572,27.10431432823804,30
10,6,project_area,9.029149005276214,11.344863191236405,0.0,0.0,2.0515894157171988,17.455964131421414,27.85972254081573,30
10,7,carbon_project_zone,7.264222758722428,8.316567075709576,0.0,0.0,3.588499680135084,14.14011116024761,20.280732513817586,30
10,7,project_area,7.56317825369732,8.799815012084185,0.0,0.0,4.127376741639272,13.813108658386492,23.025808442906346,30
10,8,carbon_project_zone,5.664290555375775,7.411949792965887,0.0,0.0,1.7641468736365724,9.972985052828282,17.784064862448282,30
10,8,project_area,5.565229656011187,7.456895005450599,0.0,0.0,0.9323925227615609,10.296691797363744,18.446773498194244,30
10,9,carbon_project_zone,4.730904060196569,7.609966959799493,0.0,0.0,1.2584838154925908,8.668394125442616,11.996132086006995,30
10,9,project_area,4.7340913227936765,7.542752160720052,0.0,0.0,0.8780559817521341,7.036729141449893,12.02570874022409,30
10,10,carbon_project_zone,6.2144547329025475,6.760628648159634,0.0,0.30246451933244595,4.54925914137783,10.389604458926362,15.605354761332634,30
10,10,project_area,6.385242497997522,7.348104130298282,0.0,0.22101477417629933,5.220547549713559,10.161584334307351,15.837384953337207,30
10,11,carbon_project_zone,6.68202891407692,8.76645824353042,0.0,0.0,2.7384961180939533,12.558982849197866,21.694070486031258,30
10,11,project_area,6.8317608309131925,9.021977452825011,0.0,0.0,2.1541887872116225,12.013925416443858,21.68500541501861,30
10,12,carbon_project_zone,6.961602030475123,7.692635638360908,0.0,0.0,4.665879725661374,9.952976827977686,18.729301656507445,30
10,12,project_area,7.000286536000605,7.9287052964636615,0.0,0.0,4.8888359095080425,10.69478529296781,18.50373987681326,30
10,13,carbon_project_zone,10.033099711672575,12.78149662048598,0.0,0.0,3.4754122941318553,18.727426922852967,31.116863541932446,30
10,13,project_area,10.213345316938703,13.494291182505885,0.0,0.0,2.8562304909313774,19.302553764660665,33.18836793289714,30
10,14,carbon_project_zone,6.436063236505815,7.974365174929027,0.0,0.0,3.581505526160103,10.47459892270032,15.270744359871358,30
10,14,project_area,6.676909193284829,8.565034075286814,0.0,0.0,3.236180113258274,11.307186086850098,16.366852894769792,30
10,15,carbon_project_zone,5.8574403429568145,5.428579813876276,0.0,0.0,5.845790331614342,10.28004175936076,11.704904080070634,30
10,15,project_area,6.109747673202981,5.647579447019318,0.0,0.0,6.654764007989359,10.274393977847048,12.146617434425238,30
10,16,carbon_project_zone,6.047745521007124,7.57015408573366,0.0,0.0,2.870683157037103,8.919673060702923,18.60013961588544,30
10,16,project_area,6.147609078290222,7.7681627314706425,0.0,0.0,3.4038578317786223,8.189303248431909,19.509270209101572,30
10,17,carbon_project_zone,8.600792561960331,9.599778541661633,0.0,0.0,6.059505470323784,13.869403044433911,22.559141153050128,30
10,17,project_area,8.674036720727248,9.517152599152745,0.0,0.0,6.236968693178498,14.47760478814688,23.66145156822146,30
10,18,carbon_project_zone,4.8370771416681215,5.717950243046506,0.0,0.018066064283825158,2.2331456063047463,7.5097359087785405,13.809790695199176,30
10,18,project_area,5.109714870060722,5.893061896761796,0.0,0.0,2.2494857140884195,7.616291863341544,13.859378457987802,30
10,19,carbon_project_zone,7.622079212674001,8.691510489069879,0.0,0.0,5.822009508754872,13.292779257823028,19.365745388200523,30
10,19,project_area,7.739895605662877,8.860813770100744,0.0,0.0,5.935797713249233,12.290097771513809,20.095953474794218,30
10,20,carbon_project_zone,5.429996704041673,7.034891300816011,0.0,0.0,2.8824609990684977,7.38355312071413,14.763753907324666,30
10,20,project_area,5.52406887246911,6.994572386902812,0.0,0.0,3.0317167896427244,7.453143279614914,14.525495360738878,30
10,21,carbon_project_zone,4.015896494401503,5.344278873027062,0.0,0.0,1.690578814017141,5.609914411382962,14.754433828800547,30
10,21,project_area,4.207486325865166,5.555275887241691,0.0,0.0,1.7456046044137703,6.31478200735774,15.12612769269429,30
10,22,carbon_project_zone,5.381038405309295,7.218723658487679,0.0,0.0,1.201001339343277,12.48198065986535,17.311319500711726,30
10,22,project_area,5.656121887059229,7.405949531372652,0.0,0.0,1.3905631961826184,14.527878393561155,17.38049090753535,30
10,23,carbon_project_zone,7.508640543485439,8.054266262274044,0.0,0.030728881245092418,3.314304538864076,12.557957949144715,19.371432076673585,30
10,23,project_area,7.626185488328913,8.036984471627685,0.0,0.0,4.138143186691363,12.769176775575234,20.305684798671212,30
10,24,carbon_project_zone,7.061870685684879,8.279081351894114,0.0,0.0,2.804412390287612,13.422660925445527,19.347042991772998,30
10,24,project_area,7.041502677082527,8.540717468325248,0.0,0.0,2.442040226859929,13.225265598076705,19.22912554344154,30
10,25,carbon_project_zone,8.605026439819296,8.64208067684571,0.0,0.5173981774546178,6.954011517558728,13.689386642952309,19.209044976177626,30
10,25,project_area,8.687875784828716,8.944184556793955,0.0,0.12217395955866035,6.282192790453166,13.79121008088299,20.80176974337072,30
10,26,carbon_project_zone,7.964482978054954,12.186922730581793,0.0,0.34250187919904135,4.950392892195242,9.296581279212313,19.753080886010284,30
10,26,project_area,8.264592855198297,12.599277207286866,0.0,0.2665709732860924,4.861151071836474,9.316408890605155,20.964734663213893,30
10,27,carbon_project_zone,8.604899115786166,7.464559301096,0.0,2.820191338142514,6.872737546115658,14.9931727057205,20.906527364336522,30
10,27,project_area,8.60536447970697,7.398511704386481,0.0,2.429284950617833,6.962368519813145,15.31281621650849,20.27782214312414,30
10,28,carbon_project_zone,10.209962936831655,10.92698785581156,0.0,0.3980548305416276,8.684656363853296,14.289343523683609,25.844044899099814,30
10,28,project_area,10.28338711661869,11.414520240899854,0.0,0.25889555919335694,7.509961719872955,14.708799046985177,25.733205877577397,30
10,29,carbon_project_zone,9.983385581503946,9.056459756468143,0.0,0.5751200182352295,10.116890122475514,15.422684472840563,21.53856018997969,30
10,29,project_area,9.903000427731257,9.07256143495634,0.0,0.3952248665878696,9.38588634027722,15.87655371951028,21.54236435118736,30
10,30,carbon_project_zone,10.088781056384665,8.947078274915556,0.0,1.5767428864413193,8.544982496148204,16.769796134615227,24.387478604713625,30
10,30,project_area,10.280260805423653,9.249999113250007,0.0,1.2773986020698018,8.286557868100095,15.765983876902812,25.55913490837638,30
10,31,carbon_project_zone,11.154021882923214,11.1977401061727,0.0,0.0,8.570018769116663,15.5734908458327,29.116881086561076,30
10,31,project_area,11.173790750401905,11.20797231311411,0.0,0.0,9.450089389903154,15.66527351429356,30.326251381167282,30
11,1,carbon_project_zone,7.18699083270987,6.08082632787953,0.0,0.20620490913133152,8.085122744092004,11.507713435372182,15.336014688350865,30
11,1,project_area,7.195714818206763,5.960679972213469,0.0,0.44751789169429085,7.854873588346002,12.002181080713846,14.919952985134628,30
11,2,carbon_project_zone,7.5637600684200486,5.783368740550288,0.0,2.4018983133862966,7.432340192508819,12.185494414467566,15.177353304397116,30
11,2,project_area,7.533671254097159,5.756602192483933,0.0,1.9340922793915896,7.173442529281962,11.793476097389068,15.084502573005958,30
11,3,carbon_project_zone,8.324352117984734,6.34866488763688,0.0,1.0635138087333293,8.98824719067185,13.352146461071015,16.926991102834037,30
11,3,project_area,8.32759170357117,6.28077413096429,0.0,1.405789522985097,9.089292952018823,13.034028078264376,16.53116899609382,30
11,4,carbon_project_zone,5.491755132877851,4.141114139542463,0.0,1.933628158011964,5.8359387802187115,7.536557739492278,11.943843555362148,30
11,4,project_area,5.51580310598299,4.401608570817899,0.0,2.0754563160045487,5.604436290052897,7.39658081329475,11.600302975791262,30
11,5,carbon_project_zone,6.794914836932294,7.1374244868212,0.0,2.6848781856817237,5.012433513267241,8.852424761615998,13.035439794698098,30
11,5,project_area,6.711893368765336,6.905483231530959,0.0,2.9522735407613276,5.093965792692682,9.03891083878251,12.462853158934642,30
11,6,carbon_project_zone,8.80509396532285,6.944265313938135,0.6381678483544136,4.6066230862752136,7.376335159877401,12.745725217062844,16.064114305098226,30
11,6,project_area,8.989012353710782,7.1369986697483565,0.357889569595525,4.5046807450395905,7.78270567271669,13.134396751782923,16.50482519179904,30
11,7,carbon_project_zone,9.983860021285157,8.445190742429606,0.30346137239168736,2.7480920780455507,8.451194201752177,15.147228791813138,22.503617856184306,30
11,7,project_area,10.195204537150248,8.87596637744245,0.2552608969766297,2.6048507204592135,7.550225658069591,15.332976445578648,22.79619582243069,30
11,8,carbon_project_zone,9.566212469013086,11.720460709236304,0.0,1.8709718697390831,6.663938443905641,13.785995875708513,17.747356447807313,30
11,8,project_area,9.554288041003867,11.956666849219571,0.0,2.31068699110087,7.074464193569678,13.319202849971497,18.911570628912685,30
11,9,carbon_project_zone,8.72306980386497,6.319614392906201,0.37492689565651804,4.489946719126469,8.818155773354695,11.113138282995754,18.1706573201577,30
11,9,project_area,8.502110011651386,6.420082847702378,0.2715077010802753,3.1526960128995785,8.28644226934583,10.703143416273942,18.398614407136737,30
11,10,carbon_project_zone,6.470886774986433,5.70452917253515,0.0,0.12155926841753649,5.864438690323124,11.566004250403129,13.809934714684601,30
11,10,project_area,6.564464166642584,5.869897187601302,0.0,0.08375577162520728,6.846583262659918,11.543973198289681,14.161418590229724,30
11,11,carbon_project_zone,9.700894411891154,8.711803912614142,0.0,3.4621813886120707,6.215922048674978,15.759429796635285,21.177930063488134,30
11,11,project_area,9.74570510559469,8.881428935229643,0.0,3.4040499617028495,7.203049397569593,15.239436373504908,21.338671558810677,30
11,12,carbon_project_zone,9.2099551023102,6.475618889423139,1.1831623067354506,4.391756862857802,8.727924879795687,13.332301673327184,17.482172463869553,30
11,12,project_area,9.596197320745125,6.7088177105113616,1.745704940544622,4.700050212201793,9.122133531445531,13.13674838186596,18.29663849905569,30
11,13,carbon_project_zone,10.550388189005863,7.379848602260088,1.055445096493151,3.0866083985191852,9.912819010242902,16.96099813286568,20.052391974145976,30
11,13,project_area,10.373054461079375,7.397628117320519,0.9339198701554345,2.9991310342618243,9.28222476122743,16.41234926082688,19.243487878279254,30
11,14,carbon_project_zone,9.914822005699687,8.65510358021744,0.047847901176012876,3.446519277192145,9.46351230282692,13.47701654662988,21.06264267340506,30
11,14,project_area,10.041890508313026,8.907137127975295,0.035842749940228576,2.7851221366729497,9.68035854204043,12.906607417737023,21.258387566898566,30
11,15,carbon_project_zone,8.32894009726093,8.309802572068158,0.10088390549979635,2.024414351243286,5.631095044990223,11.616639293347593,22.325974502803007,30
11,15,project_area,8.318981255187582,8.491594653130619,0.0410106067297455,0.9129141594852982,5.325963328955538,11.94698111375418,23.133693627657255,30
11,16,carbon_project_zone,7.542717122448141,5.5148414510465935,0.589751249454847,3.016580798817494,6.9149429265993305,11.933871395824767,14.4817288398282,30
11,16,project_area,7.6342797283154,5.65318791383,0.27297359245767583,2.959472073520461,6.968971710956336,12.084757228110712,15.39159117402575,30
11,17,carbon_project_zone,10.301210914638663,6.730256165925167,2.0108391909740564,5.593480373461491,9.44553664283003,15.362495340062614,20.434274564329083,30
11,17,project_area,10.15297911442055,6.780503421403895,1.774945996667277,4.651873748640433,10.01392928569453,14.767337861891336,20.619065159090866,30
11,18,carbon_project_zone,9.776629586765003,9.014254710613349,2.176549933379331,4.404870448759683,6.642997935858156,12.116266840956403,21.365847295828818,30
11,18,project_area,9.952298049830018,9.432871030814475,2.4506664726142713,4.623943454495564,7.439214239594381,11.878617827440445,21.19780979097716,30
11,19,carbon_project_zone,8.646300142939486,6.216651597922702,1.9336109672301323,4.902242970551064,7.50232568646644,11.780941915586936,13.995840144990394,30
11,19,project_area,8.678400705891754,6.596552241483618,1.7138388418637,4.605959213202465,7.315016235702762,11.572543085447997,14.066056462575919,30
11,20,carbon_project_zone,8.780825285778356,6.372457751405403,0.678317886891332,3.745844468078527,7.769473572885561,12.518627198800779,17.92062431444313,30
11,20,project_area,8.510561343196361,6.2629019277753155,0.43571768473770656,3.5958292951752844,7.773612349536644,11.712879706972005,17.50161313128949,30
11,21,carbon_project_zone,11.495843423611808,8.763053036016741,2.201611480329409,4.557460538163658,9.737932709522092,18.055857370026807,22.93792089105439,30
11,21,project_area,11.97606218817238,9.650529221889421,2.261149209802066,4.79815347866946,9.926400547769662,18.601612640272123,24.08492425557094,30
11,22,carbon_project_zone,8.680794405775332,6.051183140374758,0.22355392541195954,4.200274104235962,7.479414917002013,13.150065780434508,17.916746690833346,30
11,22,project_area,8.486784958597571,6.110613285109129,0.0,4.387228101905212,7.286845873427133,12.945552872215469,18.551072223528138,30
11,23,carbon_project_zone,10.264905628240964,8.141653299093596,1.194439308210725,4.602028020125736,8.325608679233321,13.860477048712367,21.32618499949941,30
11,23,project_area,10.317236378652717,8.393243790173253,0.4350254545777531,4.496864218741244,8.194768778899416,13.379983415405265,21.493104466488255,30
11,24,carbon_project_zone,8.925491128576002,7.482542012589895,0.5875119052058428,4.131379985786293,7.7607041557444365,12.2551656264534,15.9074222698551,30
11,24,project_area,8.887877869094773,7.6202956095839225,0.46756918409204995,3.648031786153056,7.650112760728238,12.445208736487274,16.604461091784376,30
11,25,carbon_project_zone,9.20698205980965,6.350673954733342,0.2894913806870754,5.428017201774495,9.000080419151011,12.610401688288459,16.900517347296194,30
11,25,project_area,9.183968444971407,6.5487028690925735,0.10637787333438505,5.521245194601903,8.333157725620712,12.76928751751528,16.806913631355453,30
11,26,carbon_project_zone,7.828113031694099,6.379924465043748,1.578970698323961,3.586321690561997,5.1804701689552175,10.738756558377274,15.588103845084543,30
11,26,project_area,7.8895893674923565,6.699737439880837,1.2788418180586194,3.1415626400240764,5.746097619985396,10.57183569091127,16.44900115171823,30
11,27,carbon_project_zone,9.633768606713087,9.424555345995369,0.0,3.856586232524701,7.709741624786243,12.08923411361646,19.722408709559076,30
11,27,project_area,9.689885031684094,9.837014561428088,0.0,4.009564863147648,7.766284961729827,12.245270829722402,18.997824845034835,30
11,28,carbon_project_zone,8.774422579750704,6.734959098468281,2.0303791193278053,4.684343744065139,6.29614412811447,10.698378378172997,19.26752031425254,30
11,28,project_area,9.167725968125177,7.3195917523634,2.437064772118773,4.235405574226968,6.555827969027961,12.70983545365062,21.744643855719424,30
11,29,carbon_project_zone,7.9380443295066945,7.262750371709773,0.6493509921104776,3.090706930512143,5.740975351912104,10.85277680870109,19.10879653240244,30
11,29,project_area,8.168329615147835,7.640502193646229,0.4088921911543801,3.0054142757997675,5.413588855180241,11.943831150447277,20.821231894206562,30
11,30,carbon_project_zone,11.693310744769262,9.223255862911925,1.7247810042474487,5.467933116107339,10.535306336078987,16.33286366173273,21.541384822714633,30
11,30,project_area,11.631252280015426,9.327198980372291,1.3670536298964902,5.122633482899247,10.593683955941252,16.17065467434047,23.954243627645205,30
12,1,carbon_project_zone,8.372138429780785,5.1800611773559115,1.114231644026459,3.017980052679752,8.836461975961813,11.132457512086415,15.031214950319224,30
12,1,project_area,8.199366261044343,5.28139899268469,0.6606309949341467,2.9143135991228757,8.106432130230226,11.274531379502802,14.655680995509147,30
12,2,carbon_project_zone,10.579963376143573,10.56229778512815,0.4923366784684766,2.3220671060637676,8.839330133119658,14.674636568237746,18.031123860526094,30
12,2,project_area,10.681595256822074,10.94785657015254,0.22097548479659168,2.124223549670909,8.891556808320326,14.840998843564824,18.263451004799787,30
12,3,carbon_project_zone,9.478390971809644,9.351357274744686,1.0000342134883522,4.174853305063507,8.826116496613398,11.330266961343543,17.45116048672218,30
12,3,project_area,9.726426259988878,9.676407499830962,0.7477639910344535,4.662172338444574,9.142157350188963,11.738238278081859,17.94124454067007,30
12,4,carbon_project_zone,10.870987609688905,7.43077853199241,1.9315789296918398,5.7964563870311006,10.178634493252325,16.646699370978588,22.507685905914727,30
12,4,project_area,10.852081542129572,7.6493783466399545,1.5752405109592873,5.882642395415549,8.858324175347532,16.36310764637493,23.61472353251947,30
12,5,carbon_project_zone,13.03879302315574,9.682851596097162,0.49898757431323226,5.396979203375424,11.256708508071608,17.04418794131091,29.252483919917843,30
12,5,project_area,13.225030346543102,9.818044355682327,0.6155958917732415,6.528191948800315,12.06323687615123,17.400786801001694,29.742597656367558,30
12,6,carbon_project_zone,9.053127670606052,7.621037490394498,0.3688150652555465,3.362571631858284,8.050965669553953,14.53041454229814,20.800407082269473,30
12,6,project_area,9.14248963775669,8.21219275500054,0.1296808232419847,3.5723032691445678,7.218334411711466,14.840315800969517,22.481677924723396,30
12,7,carbon_project_zone,9.581432208599422,7.3581783180604985,0.8847576247726425,5.1493329848285025,8.01011830857172,13.990547093614214,21.786158984553083,30
12,7,project_area,9.39912865605793,7.271326823076568,0.6123278262710719,4.890845010203462,8.514016876786444,11.778568433686658,22.45326723330561,30
12,8,carbon_project_zone,11.176355895030415,7.123736721742977,1.5353827888196725,6.216051774868698,9.63272025632774,16.35480142733724,18.78206977172858,30
12,8,project_area,11.469008117109063,7.4784446259647686,0.7946276863109901,6.0972247046572035,10.885183794748249,16.018656783184763,19.564389274006448,30
12,9,carbon_project_zone,9.834056124231417,8.570057377564634,0.9024339654829128,2.706723717172218,8.03989934439514,15.347038712330324,25.064512740124282,30
12,9,project_area,10.115115099043253,8.799205056207922,0.4450464661940588,2.7808477730706955,7.562514136403294,16.3520531812324,24.095171924915817,30
12,10,carbon_project_zone,12.007905926338074,13.262820867967864,0.06265130923616197,3.285348781716361,10.64206748585677,15.154881699920912,21.38564985701666,30
12,10,project_area,11.886701277665255,12.962817563198387,0.0,4.043424484542412,10.287059568385315,14.51574528603047,21.720495657671034,30
12,11,carbon_project_zone,11.045580477778005,7.732470015238538,2.201186010763085,5.1768413593642,10.824761655169048,14.185456140435578,23.840607035085213,30
12,11,project_area,11.293165018344817,7.992797101595316,2.250821243678844,4.89068845369048,10.965254016025408,14.483243051772858,24.272892025292194,30
12,12,carbon_project_zone,11.883493991616724,7.981729588400867,3.0826286939084473,6.6463194559822325,9.949721530389333,17.579035252730943,20.48657172898167,30
12,12,project_area,12.064197941731358,8.487244114774938,2.3973157576217856,6.260012171485209,10.50383974205364,17.907440357840116,20.898381882896775,30
12,13,carbon_project_zone,11.807070123228685,9.28997271882021,0.06294606605640951,5.564390223242392,10.046424156071346,16.954285477079488,21.63048545102378,30
12,13,project_area,11.995801294970402,9.495001405695124,0.0,5.577086576511753,10.82701199980473,17.12287948274833,21.657788144789052,30
12,14,carbon_project_zone,12.16495482389499,8.777969373795917,2.2746561038630384,4.896640030394582,11.659923920460972,15.182368814033536,24.099208453257788,30
12,14,project_area,12.045234555039704,8.321972757023614,2.631133982507033,6.535494024654383,11.951483575698958,16.107754894691556,22.032792650863463,30
12,15,carbon_project_zone,12.17844283148612,6.99217532737338,2.217148624743227,6.608744874282304,12.052233569644304,16.89253441317418,22.17535671948273,30
12,15,project_area,12.515804621597162,7.564746147609361,2.0763565513588067,5.615046886156079,12.076136608612373,17.04008419083888,24.262172571683337,30
12,16,carbon_project_zone,6.567182768482342,4.237876041992819,1.4398206934666329,2.819291391429876,5.93540651571576,10.20326302930979,13.072157170323045,30
12,16,project_area,6.4785416856920905,4.390938861238394,1.2873348602895929,2.3514755343435723,5.818411694653047,9.50585282638738,12.712971634049262,30
12,17,carbon_project_zone,9.352509985809222,7.414781132049646,0.1088590411302299,3.628968985927909,8.163965687930652,12.974203134155024,22.963245792831124,30
12,17,project_area,9.406767112442207,7.4556971391032185,0.0,3.749597903392715,8.351912517025951,13.474800243583408,21.994954224727557,30
12,18,carbon_project_zone,6.437378413154326,5.722522681437379,0.06599485814676943,0.7340575761216175,6.386080382008844,9.984165960532073,13.483420495882523,30
12,18,project_area,6.367815898520308,5.901085864832738,0.0079437949808059,0.5529618529582796,6.401582417989549,9.66163304351695,14.686990305988004,30
12,19,carbon_project_zone,9.806154077994053,7.314889763223853,1.8275865613022704,3.6502198219452873,8.799093565365443,12.76560305243931,19.854143817765262,30
12,19,project_area,9.711583206132552,7.329524894773778,1.5020657178525383,3.689497217099729,8.95209133891369,12.77590992601333,19.43768308397802,30
12,20,carbon_project_zone,8.675085166260951,4.984097484582164,1.1248285126770545,6.3641412113431075,8.906796649331117,11.317346776247676,14.519400121700816,30
12,20,project_area,8.830559305974502,5.255586898529758,1.687514355902679,4.755766164723824,9.197646932535802,11.636535629102006,15.546973602613797,30
12,21,carbon_project_zone,9.271441859710954,7.07124310029762,0.9139348517445391,5.19169304996964,7.860428271153912,13.378093707659373,17.152312944734213,30
12,21,project_area,9.438683030222032,7.2503165754324606,0.5767620706411284,4.5884224475807684,8.147028314865242,13.107159946659129,18.448961837082322,30
12,22,carbon_project_zone,11.023723083187821,7.145409516027505,2.454558731967979,5.225445976542919,10.330542257971818,16.751658940196243,19.805339837262373,30
12,22,project_area,10.971312472626805,7.020820812196412,2.19676204712255,5.223318696022034,11.323581685086797,15.765569525249935,19.984290904458753,30
12,23,carbon_project_zone,9.59404418511436,8.128279746980981,1.0639141164162254,2.5658724829302644,7.339651208869347,13.308141695936794,19.363419657186533,30
12,23,project_area,9.42175692276552,8.149377151359474,0.9570431310241507,2.760166706767031,6.997888677109188,13.204973543002538,19.90696459301448,30
12,24,carbon_project_zone,9.298466606142183,5.844213812776108,1.3727798866315883,3.6844952823727666,9.06018861644108,15.114208368417472,16.5267405361201,30
12,24,project_area,9.685270202692559,6.112425327061436,1.3260714530669304,4.093786857528569,9.696675701391165,14.813606716267689,17.875957179877716,30
12,25,carbon_project_zone,8.850640351772434,9.465295466930844,0.003088536171920056,2.2782525884569638,7.5296829380364905,10.80628957093539,21.420994800255315,30
12,25,project_area,8.952952400059596,9.891261946956574,0.0,2.1225672306375256,7.513014828754684,10.984659234437814,21.46270528320907,30
12,26,carbon_project_zone,9.497237586710868,5.640847878668799,0.7438063372584516,5.281559163889549,9.900266493466562,12.705435826033328,17.61176069296034,30
12,26,project_area,9.441744307557562,5.814338149704338,0.34181328776804804,5.17007112301002,9.83417546886876,13.306329243723157,17.648512459499262,30
12,27,carbon_project_zone,11.253015534212278,7.288062895098638,3.5387255253950727,4.846038325207952,8.855450775960737,19.05892356216303,22.38270750005087,30
12,27,project_area,11.234805971494259,7.311183729497254,2.8751460760143033,5.120395884859176,8.619139414584875,19.518963157304082,21.983847858909467,30
12,28,carbon_project_zone,9.721904825937765,8.31223388254271,0.0,0.6961297044199726,8.666467664054078,15.316078587404448,22.395476972782326,30
12,28,project_area,9.843477206531402,8.444224736590602,0.0,0.5089956319938272,8.612137882937267,15.556943916943851,22.330534530898277,30
12,29,carbon_project_zone,10.606782749735236,7.035796361835114,0.30328626190094027,6.254762191815454,10.921358311124477,14.479744897297936,18.705217482406066,30
12,29,project_area,10.429335758468095,7.0022672193322135,0.023722454836629388,6.143055621391085,10.21944259715558,13.776223363420812,18.788603360002693,30
12,30,carbon_project_zone,10.894902312723595,7.069591519679109,0.19482221543510606,4.7638822309330955,10.704378309696697,17.330979504268193,21.218914289632636,30
12,30,project_area,10.901152888098066,7.284947233865267,0.3614397410802739,5.176276573414796,10.485367152925999,17.796612760870044,21.419779813344746,30
12,31,carbon_project_zone,9.426569841779806,8.085875086469116,0.0,3.692588832024847,8.447072287493333,14.79530513223253,22.104932882612673,30
12,31,project_area,9.442667475910634,7.889996154810076,0.0,4.360367412376109,8.909599956360363,13.760306490404403,21.802645649491183,30
