date,scope,rainfall_mm,source,processing_time_utc
2026-09-07,carbon_project_zone,0.06709977329484842,NASA/GPM_L3/IMERG_V07,2026-10-07T09:00:07.911931+00:00
2026-09-07,project_area,0.06382763809784785,NASA/GPM_L3/IMERG_V07,2026-10-07T09:00:08.530648+00:00
2026-09-08,carbon_project_zone,0.04479306908656015,NASA/GPM_L3/IMERG_V07,2026-10-07T09:00:09.306746+00:00
2026-09-08,project_area,0.06281055732173209,NASA/GPM_L3/IMERG_V07,2026-10-07T09:00:10.239213+00:00
2026-09-09,carbon_project_zone,0.00745588658872919,NASA/GPM_L3/IMERG_V07,2026-10-07T09:00:11.007894+00:00
2026-09-09,project_area,0.0009782608274532402,NASA/GPM_L3/IMERG_V07,2026-10-07T09:00:11.825878+00:00
2026-09-10,carbon_project_zone,0.0,NASA/GPM_L3/IMERG_V07,2026-10-07T09:00:12.425172+00:00
2026-09-10,project_area,0.0,NASA/GPM_L3/IMERG_V07,2026-10-07T09:00:13.131057+00:00
2026-09-11,carbon_project_zone,0.0,NASA/GPM_L3/IMERG_V07,2026-10-07T09:00:13.563234+00:00
2026-09-11,project_area,0.0,NASA/GPM_L3/IMERG_V07,2026-10-07T09:00:14.308139+00:00
2026-09-12,carbon_project_zone,0.0,NASA/GPM_L3/IMERG_V07,2026-10-07T09:00:14.947916+00:00
2026-09-12,project_area,0.0,NASA/GPM_L3/IMERG_V07,2026-10-07T09:00:15.775783+00:00
2026-09-13,carbon_project_zone,0.022548924729988137,NASA/GPM_L3/IMERG_V07,2026-10-07T09:00:16.413835+00:00
2026-09-13,project_area,0.01936335366520082,NASA/GPM_L3/IMERG_V07,2026-10-07T09:00:17.224335+00:00
2026-09-14,carbon_project_zone,0.0,NASA/GPM_L3/IMERG_V07,2026-10-07T09:00:17.856525+00:00
2026-09-14,project_area,0.0,NASA/GPM_L3/IMERG_V07,2026-10-07T09:00:18.704626+00:00
2026-09-15,carbon_project_zone,0.07819056680517432,NASA/GPM_L3/IMERG_V07,2026-10-07T09:00:19.349900+00:00
2026-09-15,project_area,0.05973602407351599,NASA/GPM_L3/IMERG_V07,2026-10-07T09:00:20.260450+00:00
2026-09-16,carbon_project_zone,0.07049727195352175,NASA/GPM_L3/IMERG_V07,2026-10-07T09:00:20.614180+00:00
2026-09-16,project_area,0.07920031018717133,NASA/GPM_L3/IMERG_V07,2026-10-07T09:00:21.330896+00:00
2026-09-17,carbon_project_zone,0.0,NASA/GPM_L3/IMERG_V07,2026-10-07T09:00:21.963080+00:00
2026-09-17,project_area,0.0,NASA/GPM_L3/IMERG_V07,2026-10-07T09:00:22.887736+00:00
2026-09-18,carbon_project_zone,0.0,NASA/GPM_L3/IMERG_V07,2026-10-07T09:00:23.702776+00:00
2026-09-18,project_area,0.0,NASA/GPM_L3/IMERG_V07,2026-10-07T09:00:24.378645+00:00
2026-09-19,carbon_project_zone,0.0,NASA/GPM_L3/IMERG_V07,2026-10-07T09:00:24.830423+00:00
2026-09-19,project_area,0.0,NASA/GPM_L3/IMERG_V07,2026-10-07T09:00:25.819450+00:00
2026-09-20,carbon_project_zone,0.0,NASA/GPM_L3/IMERG_V07,2026-10-07T09:00:26.288675+00:00
2026-09-20,project_area,0.0,NASA/GPM_L3/IMERG_V07,2026-10-07T09:00:27.105430+00:00
2026-09-21,carbon_project_zone,0.0,NASA/GPM_L3/IMERG_V07,2026-10-07T09:00:27.733124+00:00
2026-09-21,project_area,0.0,NASA/GPM_L3/IMERG_V07,2026-10-07T09:00:28.451904+00:00
2026-09-22,carbon_project_zone,0.0,NASA/GPM_L3/IMERG_V07,2026-10-07T09:00:29.357356+00:00
2026-09-22,project_area,0.0,NASA/GPM_L3/IMERG_V07,2026-10-07T09:00:30.548194+00:00
2026-09-23,carbon_project_zone,0.0,NASA/GPM_L3/IMERG_V07,2026-10-07T09:00:31.151868+00:00
2026-09-23,project_area,0.0,NASA/GPM_L3/IMERG_V07,2026-10-07T09:00:31.712169+00:00
2026-09-24,carbon_project_zone,0.0,NASA/GPM_L3/IMERG_V07,2026-10-07T09:00:32.230405+00:00
2026-09-24,project_area,0.0,NASA/GPM_L3/IMERG_V07,2026-10-07T09:00:32.906190+00:00
2026-09-25,carbon_project_zone,14.425091076365298,NASA/GPM_L3/IMERG_V07,2026-10-07T09:00:33.261870+00:00
2026-09-25,project_area,15.340519729683532,NASA/GPM_L3/IMERG_V07,2026-10-07T09:00:33.740058+00:00
2026-09-26,carbon_project_zone,0.004810715366105908,NASA/GPM_L3/IMERG_V07,2026-10-07T09:00:34.048815+00:00
2026-09-26,project_area,0.0008540372624530556,NASA/GPM_L3/IMERG_V07,2026-10-07T09:00:34.778738+00:00
2026-09-27,carbon_project_zone,1.3162527859311364,NASA/GPM_L3/IMERG_V07,2026-10-07T09:00:35.083224+00:00
2026-09-27,project_area,0.9659704769200861,NASA/GPM_L3/IMERG_V07,2026-10-07T09:00:35.758289+00:00
2026-09-28,carbon_project_zone,4.812319430453601e-06,NASA/GPM_L3/IMERG_V07,2026-10-07T09:00:36.135079+00:00
2026-09-28,project_area,0.0,NASA/GPM_L3/IMERG_V07,2026-10-07T09:00:36.717614+00:00
2026-09-29,carbon_project_zone,0.5668350846306767,NASA/GPM_L3/IMERG_V07,2026-10-07T09:00:37.469745+00:00
2026-09-29,project_area,0.24157608041296835,NASA/GPM_L3/IMERG_V07,2026-10-07T09:00:38.214983+00:00
2026-09-30,carbon_project_zone,0.09535931856758394,NASA/GPM_L3/IMERG_V07,2026-10-07T09:00:38.713645+00:00
2026-09-30,project_area,0.0372903722306563,NASA/GPM_L3/IMERG_V07,2026-10-07T09:00:39.440269+00:00
2026-10-01,carbon_project_zone,0.005149181721565297,NASA/GPM_L3/IMERG_V07,2026-10-07T09:00:39.727108+00:00
2026-10-01,project_area,0.003020186267897302,NASA/GPM_L3/IMERG_V07,2026-10-07T09:00:40.293600+00:00
2026-10-02,carbon_project_zone,0.0,NASA/GPM_L3/IMERG_V07,2026-10-07T09:00:40.536481+00:00
2026-10-02,project_area,0.0,NASA/GPM_L3/IMERG_V07,2026-10-07T09:00:41.584874+00:00
2026-10-03,carbon_project_zone,0.0,NASA/GPM_L3/IMERG_V07,2026-10-07T09:00:42.003745+00:00
2026-10-03,project_area,0.0,NASA/GPM_L3/IMERG_V07,2026-10-07T09:00:42.521681+00:00
2026-10-04,carbon_project_zone,0.0,NASA/GPM_L3/IMERG_V07,2026-10-07T09:00:42.940173+00:00
2026-10-04,project_area,0.0,NASA/GPM_L3/IMERG_V07,2026-10-07T09:00:43.582826+00:00
2026-10-05,carbon_project_zone,0.0,NASA/GPM_L3/IMERG_V07,2026-10-07T09:00:44.219013+00:00
2026-10-05,project_area,0.0,NASA/GPM_L3/IMERG_V07,2026-10-07T09:00:44.967205+00:00
2026-10-06,carbon_project_zone,0.0,NASA/GPM_L3/IMERG_V07,2026-10-07T09:00:45.303359+00:00
2026-10-06,project_area,0.0,NASA/GPM_L3/IMERG_V07,2026-10-07T09:00:45.988449+00:00
