date,scope,rainfall_mm,daily_normal_mean_mm,daily_anomaly_mm,daily_anomaly_pct,rainfall_7d_mm,normal_7d_mm,anomaly_7d_mm,anomaly_7d_pct,rainfall_30d_mm,normal_30d_mm,anomaly_30d_mm,anomaly_30d_pct,obs_count_7d,obs_count_30d,climate_status,source,processing_time_utc
2026-09-07,carbon_project_zone,0.0671,3.9447,-3.8776,-98.2990,0.0671,3.9447,-3.8776,-98.2990,0.0671,3.9447,-3.8776,-98.2990,,,insufficient_data,NASA/GPM_L3/IMERG_V07,2026-10-07T09:00:07.911931+00:00
2026-09-07,project_area,0.0638,4.1265,-4.0627,-98.4532,0.0638,4.1265,-4.0627,-98.4532,0.0638,4.1265,-4.0627,-98.4532,,,insufficient_data,NASA/GPM_L3/IMERG_V07,2026-10-07T09:00:08.530648+00:00
2026-09-08,carbon_project_zone,0.0448,3.5512,-3.5064,-98.7386,0.1119,7.4959,-7.3840,-98.5073,0.1119,7.4959,-7.3840,-98.5073,,,insufficient_data,NASA/GPM_L3/IMERG_V07,2026-10-07T09:00:09.306746+00:00
2026-09-08,project_area,0.0628,3.8514,-3.7886,-98.3692,0.1266,7.9779,-7.8513,-98.4126,0.1266,7.9779,-7.8513,-98.4126,,,insufficient_data,NASA/GPM_L3/IMERG_V07,2026-10-07T09:00:10.239213+00:00
2026-09-09,carbon_project_zone,0.0075,2.7026,-2.6951,-99.7241,0.1193,10.1985,-10.0791,-98.8297,0.1193,10.1985,-10.0791,-98.8297,,,insufficient_data,NASA/GPM_L3/IMERG_V07,2026-10-07T09:00:11.007894+00:00
2026-09-09,project_area,0.0010,2.7421,-2.7411,-99.9643,0.1276,10.7200,-10.5924,-98.8095,0.1276,10.7200,-10.5924,-98.8095,,,insufficient_data,NASA/GPM_L3/IMERG_V07,2026-10-07T09:00:11.825878+00:00
2026-09-10,carbon_project_zone,0.0000,3.1404,-3.1404,-100.0000,0.1193,13.3389,-13.2195,-99.1053,0.1193,13.3389,-13.2195,-99.1053,,,insufficient_data,NASA/GPM_L3/IMERG_V07,2026-10-07T09:00:12.425172+00:00
2026-09-10,project_area,0.0000,3.2807,-3.2807,-100.0000,0.1276,14.0007,-13.8731,-99.0885,0.1276,14.0007,-13.8731,-99.0885,,,insufficient_data,NASA/GPM_L3/IMERG_V07,2026-10-07T09:00:13.131057+00:00
2026-09-11,carbon_project_zone,0.0000,4.4367,-4.4367,-100.0000,0.1193,17.7756,-17.6562,-99.3286,0.1193,17.7756,-17.6562,-99.3286,,,insufficient_data,NASA/GPM_L3/IMERG_V07,2026-10-07T09:00:13.563234+00:00
2026-09-11,project_area,0.0000,4.3795,-4.3795,-100.0000,0.1276,18.3802,-18.2526,-99.3057,0.1276,18.3802,-18.2526,-99.3057,,,insufficient_data,NASA/GPM_L3/IMERG_V07,2026-10-07T09:00:14.308139+00:00
2026-09-12,carbon_project_zone,0.0000,2.8345,-2.8345,-100.0000,0.1193,20.6101,-20.4907,-99.4209,0.1193,20.6101,-20.4907,-99.4209,,,insufficient_data,NASA/GPM_L3/IMERG_V07,2026-10-07T09:00:14.947916+00:00
2026-09-12,project_area,0.0000,3.0347,-3.0347,-100.0000,0.1276,21.4149,-21.2873,-99.4041,0.1276,21.4149,-21.2873,-99.4041,,,insufficient_data,NASA/GPM_L3/IMERG_V07,2026-10-07T09:00:15.775783+00:00
2026-09-13,carbon_project_zone,0.0225,6.2139,-6.1913,-99.6371,0.1419,26.8239,-26.6820,-99.4710,0.1419,26.8239,-26.6820,-99.4710,7.0000,,insufficient_data,NASA/GPM_L3/IMERG_V07,2026-10-07T09:00:16.413835+00:00
2026-09-13,project_area,0.0194,6.2588,-6.2394,-99.6906,0.1470,27.6737,-27.5267,-99.4689,0.1470,27.6737,-27.5267,-99.4689,7.0000,,insufficient_data,NASA/GPM_L3/IMERG_V07,2026-10-07T09:00:17.224335+00:00
2026-09-14,carbon_project_zone,0.0000,1.7232,-1.7232,-100.0000,0.0748,24.6024,-24.5276,-99.6960,0.1419,28.5471,-28.4052,-99.5029,7.0000,,insufficient_data,NASA/GPM_L3/IMERG_V07,2026-10-07T09:00:17.856525+00:00
2026-09-14,project_area,0.0000,1.6990,-1.6990,-100.0000,0.0832,25.2462,-25.1630,-99.6706,0.1470,29.3727,-29.2257,-99.4996,7.0000,,insufficient_data,NASA/GPM_L3/IMERG_V07,2026-10-07T09:00:18.704626+00:00
2026-09-15,carbon_project_zone,0.0782,4.4486,-4.3704,-98.2424,0.1082,25.4999,-25.3917,-99.5757,0.2201,32.9957,-32.7756,-99.3330,7.0000,,insufficient_data,NASA/GPM_L3/IMERG_V07,2026-10-07T09:00:19.349900+00:00
2026-09-15,project_area,0.0597,4.5095,-4.4498,-98.6753,0.0801,25.9043,-25.8242,-99.6909,0.2067,33.8822,-33.6755,-99.3899,7.0000,,insufficient_data,NASA/GPM_L3/IMERG_V07,2026-10-07T09:00:20.260450+00:00
2026-09-16,carbon_project_zone,0.0705,4.9669,-4.8964,-98.5807,0.1712,27.7642,-27.5930,-99.3832,0.2906,37.9627,-37.6721,-99.2345,7.0000,,insufficient_data,NASA/GPM_L3/IMERG_V07,2026-10-07T09:00:20.614180+00:00
2026-09-16,project_area,0.0792,4.9881,-4.9089,-98.4122,0.1583,28.1503,-27.9920,-99.4377,0.2859,38.8703,-38.5844,-99.2644,7.0000,,insufficient_data,NASA/GPM_L3/IMERG_V07,2026-10-07T09:00:21.330896+00:00
2026-09-17,carbon_project_zone,0.0000,4.1552,-4.1552,-100.0000,0.1712,28.7790,-28.6078,-99.4050,0.2906,42.1179,-41.8273,-99.3101,7.0000,,insufficient_data,NASA/GPM_L3/IMERG_V07,2026-10-07T09:00:21.963080+00:00
2026-09-17,project_area,0.0000,4.0686,-4.0686,-100.0000,0.1583,28.9382,-28.7799,-99.4530,0.2859,42.9389,-42.6530,-99.3341,7.0000,,insufficient_data,NASA/GPM_L3/IMERG_V07,2026-10-07T09:00:22.887736+00:00
2026-09-18,carbon_project_zone,0.0000,3.6151,-3.6151,-100.0000,0.1712,27.9574,-27.7862,-99.3875,0.2906,45.7330,-45.4424,-99.3646,7.0000,,insufficient_data,NASA/GPM_L3/IMERG_V07,2026-10-07T09:00:23.702776+00:00
2026-09-18,project_area,0.0000,3.6528,-3.6528,-100.0000,0.1583,28.2115,-28.0532,-99.4389,0.2859,46.5917,-46.3058,-99.3863,7.0000,,insufficient_data,NASA/GPM_L3/IMERG_V07,2026-10-07T09:00:24.378645+00:00
2026-09-19,carbon_project_zone,0.0000,3.1716,-3.1716,-100.0000,0.1712,28.2946,-28.1233,-99.3948,0.2906,48.9046,-48.6140,-99.4058,7.0000,,insufficient_data,NASA/GPM_L3/IMERG_V07,2026-10-07T09:00:24.830423+00:00
2026-09-19,project_area,0.0000,2.9799,-2.9799,-100.0000,0.1583,28.1567,-27.9984,-99.4378,0.2859,49.5716,-49.2857,-99.4232,7.0000,,insufficient_data,NASA/GPM_L3/IMERG_V07,2026-10-07T09:00:25.819450+00:00
2026-09-20,carbon_project_zone,0.0000,2.4242,-2.4242,-100.0000,0.1487,24.5049,-24.3562,-99.3932,0.2906,51.3288,-51.0382,-99.4339,7.0000,,insufficient_data,NASA/GPM_L3/IMERG_V07,2026-10-07T09:00:26.288675+00:00
2026-09-20,project_area,0.0000,2.4444,-2.4444,-100.0000,0.1389,24.3423,-24.2034,-99.4292,0.2859,52.0160,-51.7301,-99.4503,7.0000,,insufficient_data,NASA/GPM_L3/IMERG_V07,2026-10-07T09:00:27.105430+00:00
2026-09-21,carbon_project_zone,0.0000,3.6178,-3.6178,-100.0000,0.1487,26.3995,-26.2508,-99.4368,0.2906,54.9466,-54.6560,-99.4711,7.0000,,insufficient_data,NASA/GPM_L3/IMERG_V07,2026-10-07T09:00:27.733124+00:00
2026-09-21,project_area,0.0000,3.6850,-3.6850,-100.0000,0.1389,26.3283,-26.1894,-99.4723,0.2859,55.7010,-55.4151,-99.4867,7.0000,,insufficient_data,NASA/GPM_L3/IMERG_V07,2026-10-07T09:00:28.451904+00:00
2026-09-22,carbon_project_zone,0.0000,2.7803,-2.7803,-100.0000,0.0705,24.7312,-24.6607,-99.7149,0.2906,57.7269,-57.4363,-99.4966,7.0000,,insufficient_data,NASA/GPM_L3/IMERG_V07,2026-10-07T09:00:29.357356+00:00
2026-09-22,project_area,0.0000,2.6274,-2.6274,-100.0000,0.0792,24.4462,-24.3670,-99.6760,0.2859,58.3284,-58.0425,-99.5098,7.0000,,insufficient_data,NASA/GPM_L3/IMERG_V07,2026-10-07T09:00:30.548194+00:00
2026-09-23,carbon_project_zone,0.0000,5.4982,-5.4982,-100.0000,0.0000,25.2624,-25.2624,-100.0000,0.2906,63.2250,-62.9345,-99.5404,7.0000,,insufficient_data,NASA/GPM_L3/IMERG_V07,2026-10-07T09:00:31.151868+00:00
2026-09-23,project_area,0.0000,5.6550,-5.6550,-100.0000,0.0000,25.1132,-25.1132,-100.0000,0.2859,63.9835,-63.6975,-99.5531,7.0000,,insufficient_data,NASA/GPM_L3/IMERG_V07,2026-10-07T09:00:31.712169+00:00
2026-09-24,carbon_project_zone,0.0000,3.9069,-3.9069,-100.0000,0.0000,25.0140,-25.0140,-100.0000,0.2906,67.1319,-66.8413,-99.5671,7.0000,,insufficient_data,NASA/GPM_L3/IMERG_V07,2026-10-07T09:00:32.230405+00:00
2026-09-24,project_area,0.0000,3.6930,-3.6930,-100.0000,0.0000,24.7375,-24.7375,-100.0000,0.2859,67.6764,-67.3905,-99.5775,7.0000,,insufficient_data,NASA/GPM_L3/IMERG_V07,2026-10-07T09:00:32.906190+00:00
2026-09-25,carbon_project_zone,14.4251,3.4886,10.9365,313.4959,14.4251,24.8875,-10.4624,-42.0388,14.7157,70.6205,-55.9048,-79.1623,7.0000,,insufficient_data,NASA/GPM_L3/IMERG_V07,2026-10-07T09:00:33.261870+00:00
2026-09-25,project_area,15.3405,3.4082,11.9323,350.1083,15.3405,24.4929,-9.1524,-37.3675,15.6264,71.0846,-55.4582,-78.0171,7.0000,,insufficient_data,NASA/GPM_L3/IMERG_V07,2026-10-07T09:00:33.740058+00:00
2026-09-26,carbon_project_zone,0.0048,5.0172,-5.0123,-99.9041,14.4299,26.7330,-12.3031,-46.0222,14.7205,75.6376,-60.9172,-80.5381,7.0000,,insufficient_data,NASA/GPM_L3/IMERG_V07,2026-10-07T09:00:34.048815+00:00
2026-09-26,project_area,0.0009,4.8824,-4.8816,-99.9825,15.3414,26.3954,-11.0541,-41.8787,15.6273,75.9670,-60.3397,-79.4289,7.0000,,insufficient_data,NASA/GPM_L3/IMERG_V07,2026-10-07T09:00:34.778738+00:00
2026-09-27,carbon_project_zone,1.3163,5.2353,-3.9190,-74.8580,15.7462,29.5441,-13.7979,-46.7029,16.0367,80.8729,-64.8362,-80.1704,7.0000,,insufficient_data,NASA/GPM_L3/IMERG_V07,2026-10-07T09:00:35.083224+00:00
2026-09-27,project_area,0.9660,5.2024,-4.2365,-81.4324,16.3073,29.1535,-12.8461,-44.0638,16.5933,81.1695,-64.5762,-79.5573,7.0000,,insufficient_data,NASA/GPM_L3/IMERG_V07,2026-10-07T09:00:35.758289+00:00
2026-09-28,carbon_project_zone,0.0000,4.9835,-4.9835,-99.9999,15.7462,30.9098,-15.1637,-49.0578,16.0367,85.8564,-69.8197,-81.3214,7.0000,,insufficient_data,NASA/GPM_L3/IMERG_V07,2026-10-07T09:00:36.135079+00:00
2026-09-28,project_area,0.0000,4.9283,-4.9283,-100.0000,16.3073,30.3967,-14.0894,-46.3517,16.5933,86.0977,-69.5045,-80.7274,7.0000,,insufficient_data,NASA/GPM_L3/IMERG_V07,2026-10-07T09:00:36.717614+00:00
2026-09-29,carbon_project_zone,0.5668,3.1174,-2.5505,-81.8168,16.3130,31.2469,-14.9339,-47.7932,16.6036,88.9738,-72.3702,-81.3388,7.0000,,insufficient_data,NASA/GPM_L3/IMERG_V07,2026-10-07T09:00:37.469745+00:00
2026-09-29,project_area,0.2416,3.1918,-2.9502,-92.4314,16.5489,30.9611,-14.4122,-46.5494,16.8348,89.2896,-72.4547,-81.1458,7.0000,,insufficient_data,NASA/GPM_L3/IMERG_V07,2026-10-07T09:00:38.214983+00:00
2026-09-30,carbon_project_zone,0.0954,3.0286,-2.9333,-96.8514,16.4084,28.7773,-12.3690,-42.9817,16.6989,92.0024,-75.3035,-81.8495,7.0000,,insufficient_data,NASA/GPM_L3/IMERG_V07,2026-10-07T09:00:38.713645+00:00
2026-09-30,project_area,0.0373,3.1616,-3.1243,-98.8205,16.5862,28.4677,-11.8815,-41.7368,16.8721,92.4512,-75.5790,-81.7502,7.0000,,insufficient_data,NASA/GPM_L3/IMERG_V07,2026-10-07T09:00:39.440269+00:00
2026-10-01,carbon_project_zone,0.0051,5.5263,-5.5211,-99.9068,16.4135,30.3967,-13.9832,-46.0024,16.7041,97.5286,-80.8246,-82.8726,7.0000,,insufficient_data,NASA/GPM_L3/IMERG_V07,2026-10-07T09:00:39.727108+00:00
2026-10-01,project_area,0.0030,5.4264,-5.4233,-99.9443,16.5892,30.2011,-13.6119,-45.0708,16.8751,97.8775,-81.0024,-82.7589,7.0000,,insufficient_data,NASA/GPM_L3/IMERG_V07,2026-10-07T09:00:40.293600+00:00
2026-10-02,carbon_project_zone,0.0000,6.3043,-6.3043,-100.0000,1.9884,33.2125,-31.2241,-94.0131,16.7041,103.8330,-87.1289,-83.9125,7.0000,,insufficient_data,NASA/GPM_L3/IMERG_V07,2026-10-07T09:00:40.536481+00:00
2026-10-02,project_area,0.0000,6.2876,-6.2876,-100.0000,1.2487,33.0805,-31.8318,-96.2252,16.8751,104.1651,-87.2900,-83.7996,7.0000,,insufficient_data,NASA/GPM_L3/IMERG_V07,2026-10-07T09:00:41.584874+00:00
2026-10-03,carbon_project_zone,0.0000,6.1493,-6.1493,-100.0000,1.9836,34.3446,-32.3610,-94.2244,16.7041,109.9823,-93.2782,-84.8120,7.0000,,insufficient_data,NASA/GPM_L3/IMERG_V07,2026-10-07T09:00:42.003745+00:00
2026-10-03,project_area,0.0000,6.4330,-6.4330,-100.0000,1.2479,34.6311,-33.3833,-96.3967,16.8751,110.5981,-93.7230,-84.7419,7.0000,,insufficient_data,NASA/GPM_L3/IMERG_V07,2026-10-07T09:00:42.521681+00:00
2026-10-04,carbon_project_zone,0.0000,7.4985,-7.4985,-100.0000,0.6673,36.6078,-35.9405,-98.1770,16.7041,117.4807,-100.7766,-85.7814,7.0000,,insufficient_data,NASA/GPM_L3/IMERG_V07,2026-10-07T09:00:42.940173+00:00
2026-10-04,project_area,0.0000,7.7581,-7.7581,-100.0000,0.2819,37.1867,-36.9049,-99.2420,16.8751,118.3562,-101.4811,-85.7421,7.0000,,insufficient_data,NASA/GPM_L3/IMERG_V07,2026-10-07T09:00:43.582826+00:00
2026-10-05,carbon_project_zone,0.0000,5.2215,-5.2215,-100.0000,0.6673,36.8458,-36.1784,-98.1888,16.7041,122.7022,-105.9981,-86.3865,7.0000,,insufficient_data,NASA/GPM_L3/IMERG_V07,2026-10-07T09:00:44.219013+00:00
2026-10-05,project_area,0.0000,5.1385,-5.1385,-100.0000,0.2819,37.3970,-37.1151,-99.2462,16.8751,123.4947,-106.6196,-86.3353,7.0000,,insufficient_data,NASA/GPM_L3/IMERG_V07,2026-10-07T09:00:44.967205+00:00
2026-10-06,carbon_project_zone,0.0000,8.8082,-8.8082,-100.0000,0.1005,42.5366,-42.4361,-99.7637,16.7041,131.5104,-114.8063,-87.2983,7.0000,30.0000,drought,NASA/GPM_L3/IMERG_V07,2026-10-07T09:00:45.303359+00:00
2026-10-06,project_area,0.0000,9.0291,-9.0291,-100.0000,0.0403,43.2343,-43.1940,-99.9068,16.8751,132.5239,-115.6487,-87.2663,7.0000,30.0000,drought,NASA/GPM_L3/IMERG_V07,2026-10-07T09:00:45.988449+00:00
