year,scope,hotspot_detections,source,resolution_m,metric,processing_time_utc
2017,carbon_project_zone,2,MODIS/061/MOD14A1,1000,annual fire-pixel detections,2026-10-05T11:37:03.281810+00:00
2017,project_area,0,MODIS/061/MOD14A1,1000,annual fire-pixel detections,2026-10-05T11:37:04.376552+00:00
2018,carbon_project_zone,16,MODIS/061/MOD14A1,1000,annual fire-pixel detections,2026-10-05T11:37:07.482211+00:00
2018,project_area,4,MODIS/061/MOD14A1,1000,annual fire-pixel detections,2026-10-05T11:37:08.742670+00:00
2019,carbon_project_zone,156,MODIS/061/MOD14A1,1000,annual fire-pixel detections,2026-10-05T11:37:11.778484+00:00
2019,project_area,36,MODIS/061/MOD14A1,1000,annual fire-pixel detections,2026-10-05T11:37:13.847075+00:00
2020,carbon_project_zone,1,MODIS/061/MOD14A1,1000,annual fire-pixel detections,2026-10-05T11:37:16.856618+00:00
2020,project_area,0,MODIS/061/MOD14A1,1000,annual fire-pixel detections,2026-10-05T11:37:18.972486+00:00
2021,carbon_project_zone,0,MODIS/061/MOD14A1,1000,annual fire-pixel detections,2026-10-05T11:37:20.656378+00:00
2021,project_area,0,MODIS/061/MOD14A1,1000,annual fire-pixel detections,2026-10-05T11:37:23.310660+00:00
2022,carbon_project_zone,0,MODIS/061/MOD14A1,1000,annual fire-pixel detections,2026-10-05T11:37:24.587449+00:00
2022,project_area,0,MODIS/061/MOD14A1,1000,annual fire-pixel detections,2026-10-05T11:37:26.187719+00:00
2023,carbon_project_zone,111,MODIS/061/MOD14A1,1000,annual fire-pixel detections,2026-10-05T11:37:27.997603+00:00
2023,project_area,16,MODIS/061/MOD14A1,1000,annual fire-pixel detections,2026-10-05T11:37:30.157846+00:00
2024,carbon_project_zone,2,MODIS/061/MOD14A1,1000,annual fire-pixel detections,2026-10-05T11:37:32.001553+00:00
2024,project_area,0,MODIS/061/MOD14A1,1000,annual fire-pixel detections,2026-10-05T11:37:32.988013+00:00
2025,carbon_project_zone,0,MODIS/061/MOD14A1,1000,annual fire-pixel detections,2026-10-05T11:37:34.189322+00:00
2025,project_area,0,MODIS/061/MOD14A1,1000,annual fire-pixel detections,2026-10-05T11:37:35.132467+00:00
